feature	c__Bacilli_A Class	c__Chloroplast Class	c__Clostridia_258483 Class	c__Verrucomicrobiae Class	d__Bacteria Kingdom	f__Acutalibacteraceae Family	f__Amphibacillaceae Family	f__Anaerovoracaceae Family	f__Bacillaceae_C_302577 Family	f__Bacteroidaceae Family	f__Borkfalkiaceae Family	f__CAG-508 Family	f__Cellulosilyticaceae Family	f__Christensenellaceae Family	f__Clostridiaceae_222000 Family	f__Coprobacillaceae Family	f__Dehalobacteriaceae Family	f__Eggerthellaceae Family	f__Enterococcaceae Family	f__Lachnospiraceae Family	f__Lactobacillaceae Family	f__Mitochondria Family	f__Muribaculaceae Family	f__NBRC-103111 Family	f__Oscillospiraceae_88309 Family	f__Paenibacillaceae_367444 Family	f__Peptostreptococcaceae_256921 Family	f__Streptosporangiaceae Family	f__Tissierellaceae Family	f__UBA1242 Family	f__UBA660 Family	g__1XD8-76	g__Acetatifactor	g__Acidovorax_F_589733	g__Acinetobacter	g__Acutalibacter	g__Adlercreutzia_A_404199	g__Adlercreutzia_A_404257	g__Adlercreutzia_A_404260	g__Agrobacterium	g__Akkermansia	g__Alistipes_A_871400	g__Alkalicoccobacillus	g__Alkaliphilus_B	g__Anaerocolumna	g__Anaerosalibacter	g__Anaerosporobacter	g__Anaerotruncus	g__Aneurinibacillus_B_362085	g__Angelakisella	g__Arthrobacter_E_386002	g__Atopostipes	g__Avispirillum	g__Bacillus_A	g__Bacillus_J_295379	g__Bacillus_O_301684	g__Bacillus_P_294101	g__Bacteroides_H_857956	g__Bifidobacterium_388775	g__Blautia_A_141780	g__Borkfalkia	g__Brachybacterium	g__Brevibacillus_D_362672	g__Brevibacillus_D_362705	g__Brevibacterium	g__Brotaphodocola	g__Brucella_498865	g__Burkholderia	g__Butyribacter	g__C-19	g__CABMKH01	g__CAG-269	g__CAG-314	g__CAG-475	g__CAG-873	g__COE1	g__Caldibacillus_B	g__Cellulosilyticum	g__Cellulosimicrobium	g__Cerasibacillus	g__Choladousia	g__Clavibacter	g__Clostridioides_A	g__Clostridium_AG_200053	g__Clostridium_AQ	g__Clostridium_B	g__Clostridium_F	g__Clostridium_G	g__Clostridium_H_221916	g__Clostridium_J	g__Clostridium_T	g__Comamonas_F_589250	g__Coprocola	g__Coprosoma	g__Corynebacterium	g__Curtobacterium	g__Dorea_D_143701	g__Dubosiella	g__Duncaniella	g__Dysosmobacter	g__Emergencia	g__Enterenecus	g__Enterocloster	g__Enterococcus_A	g__Enterococcus_B	g__Enterococcus_D	g__Enterococcus_F_359103	g__Enterococcus_H_360604	g__Enterorhabdus	g__Eubacterium_F	g__Eubacterium_G_180878	g__Eubacterium_R	g__Eubacterium_S	g__Evtepia	g__Faecalibaculum	g__Faecimonas	g__Fimenecus	g__Gallicola	g__Glutamicibacter	g__Glycomyces	g__Granulimonas	g__Haemophilus_D_735815	g__Hathewaya	g__Hominilimicola	g__Hominisplanchenecus_A	g__Ileibacterium	g__JAGBWK01	g__JC017	g__Jeotgalibaca	g__Kineothrix	g__Klebsiella_724518	g__Kroppenstedtia_A	g__Kurthia	g__Lachnoclostridium_A_184689	g__Lachnoclostridium_B	g__Lachnospira	g__Lachnotalea	g__Lacrimispora	g__Lacticaseibacillus	g__Lactiplantibacillus	g__Lactobacillus	g__Lactococcus_A_346120	g__Laedolimicola	g__Latilactobacillus	g__Lawsonibacter	g__Lederbergia_A_302086	g__Lederbergia_A_302195	g__Lepagella	g__Levilactobacillus	g__Lientehia	g__Ligilactobacillus	g__Limivivens	g__Limosilactobacillus	g__Luteimonas_D	g__Lysinibacillus_304693	g__MD308	g__Mammaliicoccus_319276	g__Mammaliicoccus_319278	g__Massilibacillus	g__Massilibacterium	g__Massiliimalia	g__Massilioclostridium	g__Merdibacter	g__Mesorhizobium_I	g__Metaruminococcus_A	g__Methylobacterium	g__Microbacterium_A_383321	g__Muribaculum	g__NK4A144	g__Nesterenkonia	g__Novosphingobium	g__Oceanobacillus_287537	g__Ochrobactrum_A_498864	g__Ochrobactrum_A_498913	g__Ochrobactrum_A_499075	g__Otoolea_134252	g__Otoolea_134526	g__Paenibacillus_A	g__Paenibacillus_J_366884	g__Paenibacillus_L	g__Paenibacillus_S	g__Pandoraea	g__Pantoea_680069	g__Paraclostridium	g__Paramuribaculum	g__Parasutterella_564865	g__Parvibacter	g__Pelethenecus	g__Peptoniphilus_B_226807	g__Petralouisia	g__Planifilum	g__Plantibacter	g__Porcincola	g__Pradoshia	g__Pseudobacillus	g__Pseudobutyricicoccus	g__Pseudofrankia	g__Pseudomonas_E_647464	g__Pueribacillus	g__Quadrisphaera	g__Rathayibacter	g__Rhizobium_C_500208	g__Rhizobium_C_501058	g__Robertmurraya_297834	g__Robinsoniella	g__Romboutsia_B	g__Romboutsia_C	g__Romboutsia_D_247318	g__Romboutsia_E	g__Roseburia_B	g__Rudaeicoccus	g__Ruminiclostridium_D	g__Ruminiclostridium_E	g__Ruminococcus_B	g__Rummeliibacillus	g__Saccharibacillus	g__Sarcina_200052	g__Schaedlerella	g__Sedimentibacter	g__Shouchella	g__Siminovitchia	g__Sinibacillus	g__Solibaculum	g__Sphingobacterium	g__Sphingomonas_L_486704	g__Sporofaciens	g__Sporosarcina	g__Staphylococcus	g__Stenotrophomonas_A_615274	g__Streptococcus	g__Streptomyces_400150	g__Suilimivivens	g__Tardiphaga	g__Tepidimicrobium	g__Terrisporobacter	g__Thermoactinomyces_A	g__Thomasclavelia	g__Tissierella_A	g__Tissierella_B_223997	g__Turicibacter	g__UBA2730	g__UBA3282	g__UBA5905	g__UBA7173	g__UBA737	g__UBA9414	g__UBA946	g__UMGS1994	g__Ureibacillus	g__Vagococcus_B	g__Ventrisoma	g__Virgibacillus_B_287557	g__Virgibacillus_I	g__WRAF01	g__Weissella	g__Xanthomonas_A_614442	o__Acetivibrionales Order	o__Bacillales_D Order	o__Bacteroidales Order	o__Christensenellales Order	o__Lachnospirales Order
Villapol_527_3DPI	NA	NA	NA	NA	NA	NA	NA	NA	NA	NA	NA	NA	NA	NA	NA	NA	NA	NA	NA	0.00407963446475196	NA	NA	NA	NA	NA	NA	NA	NA	NA	NA	NA	NA	NA	NA	NA	NA	NA	NA	NA	NA	0.129895561357702	NA	NA	NA	NA	NA	NA	NA	NA	NA	NA	NA	NA	NA	NA	NA	NA	0.75048955613577	NA	NA	NA	NA	NA	NA	NA	NA	NA	NA	NA	NA	NA	NA	NA	NA	NA	NA	NA	NA	NA	NA	NA	NA	NA	NA	NA	NA	NA	NA	NA	NA	0.0293733681462141	NA	NA	NA	NA	NA	NA	NA	NA	NA	NA	NA	NA	NA	NA	NA	NA	0.0182767624020888	NA	NA	NA	NA	NA	NA	NA	NA	NA	NA	NA	NA	NA	NA	NA	NA	NA	NA	NA	NA	NA	NA	NA	NA	NA	0.022845953002611	NA	NA	NA	0.00815926892950392	NA	NA	NA	NA	NA	NA	NA	NA	NA	NA	NA	NA	NA	NA	NA	NA	NA	NA	NA	NA	NA	NA	NA	NA	NA	NA	NA	NA	NA	NA	NA	NA	NA	NA	NA	NA	NA	NA	NA	NA	NA	NA	NA	NA	NA	0.0060378590078329	NA	NA	NA	NA	NA	NA	NA	NA	NA	NA	NA	NA	NA	NA	NA	NA	NA	NA	NA	NA	NA	NA	NA	NA	NA	NA	NA	NA	NA	NA	NA	NA	NA	NA	NA	NA	NA	NA	NA	NA	NA	NA	NA	NA	NA	NA	NA	NA	NA	NA	NA	NA	NA	NA	NA	0.0308420365535248	NA	NA	NA	NA	NA	NA	NA	NA	NA	NA	NA	NA	NA	NA	NA	NA	NA	NA	NA	NA	NA
Villapol_528_3DPI	NA	NA	NA	NA	NA	NA	NA	NA	NA	NA	NA	NA	NA	NA	NA	NA	NA	NA	NA	NA	NA	NA	NA	NA	NA	NA	NA	NA	NA	NA	NA	NA	NA	NA	NA	NA	NA	NA	NA	NA	0.0790540540540541	NA	NA	NA	NA	NA	NA	NA	NA	NA	NA	NA	NA	NA	NA	NA	NA	0.795495495495495	0.000675675675675676	NA	NA	NA	NA	NA	NA	NA	NA	NA	NA	NA	NA	NA	NA	NA	NA	NA	NA	0.0172972972972973	NA	NA	NA	NA	NA	NA	NA	NA	NA	NA	NA	NA	0.0205405405405405	NA	NA	NA	NA	NA	NA	NA	NA	NA	NA	NA	NA	NA	NA	NA	NA	0.0607207207207207	NA	NA	NA	NA	NA	NA	NA	NA	NA	NA	NA	NA	NA	NA	NA	NA	NA	NA	NA	NA	NA	NA	NA	NA	NA	NA	NA	NA	NA	NA	NA	NA	NA	NA	NA	NA	NA	NA	NA	NA	NA	NA	NA	NA	NA	NA	NA	NA	NA	NA	NA	NA	NA	NA	NA	NA	NA	NA	NA	NA	NA	NA	NA	NA	NA	NA	NA	NA	NA	NA	NA	NA	NA	NA	NA	0.00954954954954955	NA	NA	NA	NA	NA	NA	NA	NA	NA	NA	NA	NA	NA	NA	NA	NA	NA	NA	NA	NA	NA	NA	NA	NA	NA	NA	NA	NA	NA	NA	NA	NA	NA	NA	NA	NA	NA	NA	NA	NA	NA	NA	NA	NA	NA	NA	NA	NA	NA	NA	NA	NA	NA	NA	NA	0.0166666666666667	NA	NA	NA	NA	NA	NA	NA	NA	NA	NA	NA	NA	NA	NA	NA	NA	NA	NA	NA	NA	NA
Villapol_529_3DPI	NA	NA	NA	NA	NA	NA	NA	NA	NA	NA	NA	NA	NA	NA	2.07991014788161e-05	NA	NA	NA	NA	NA	NA	NA	NA	NA	NA	NA	NA	NA	NA	NA	NA	NA	NA	NA	NA	NA	NA	NA	NA	NA	NA	NA	NA	NA	NA	NA	NA	NA	NA	NA	NA	NA	NA	NA	NA	NA	NA	0.882526674847647	0.00339025354104703	NA	NA	NA	NA	NA	NA	NA	NA	NA	NA	NA	NA	NA	NA	NA	NA	NA	NA	0.00628132864660247	NA	NA	NA	NA	0.000998356870983174	NA	NA	NA	NA	NA	NA	0.0051581771667464	0.0378543646914453	NA	NA	NA	NA	NA	NA	NA	NA	NA	NA	NA	NA	NA	0.000145593710351713	NA	NA	0.0251253145864099	NA	NA	NA	NA	NA	NA	NA	NA	NA	NA	NA	NA	NA	NA	NA	NA	NA	NA	NA	NA	NA	NA	NA	NA	NA	NA	NA	0.000103995507394081	4.15982029576322e-05	0.0289107510555544	NA	NA	NA	NA	NA	NA	NA	NA	NA	NA	NA	NA	NA	NA	NA	NA	NA	NA	NA	NA	NA	NA	NA	NA	NA	NA	NA	NA	NA	NA	NA	NA	NA	NA	NA	NA	NA	NA	NA	0.000187191913309345	NA	NA	NA	NA	NA	0.00230870026414859	NA	NA	NA	NA	NA	NA	NA	NA	NA	NA	NA	NA	NA	NA	NA	NA	NA	NA	NA	NA	NA	NA	NA	NA	NA	NA	NA	NA	NA	NA	NA	NA	NA	NA	NA	NA	NA	NA	NA	NA	NA	NA	NA	NA	NA	NA	NA	NA	NA	NA	0.000956758668025541	NA	NA	NA	NA	0.00599014122589904	NA	NA	NA	NA	NA	NA	NA	NA	NA	NA	NA	NA	NA	NA	NA	NA	NA	NA	NA	NA	NA
Villapol_533_3DPI	NA	NA	NA	NA	NA	NA	NA	NA	NA	NA	NA	NA	NA	NA	NA	NA	NA	NA	NA	NA	NA	NA	NA	NA	NA	NA	NA	NA	NA	NA	NA	NA	NA	NA	NA	NA	NA	NA	NA	NA	0.173766765173903	NA	NA	NA	NA	NA	NA	NA	NA	NA	NA	NA	NA	NA	NA	NA	NA	0.708570129574903	NA	NA	NA	NA	NA	NA	NA	NA	NA	NA	NA	0.00136394635144351	NA	NA	NA	NA	NA	NA	NA	NA	NA	NA	NA	NA	NA	NA	NA	NA	0.00236417367583542	NA	NA	0.000318254148670152	0.0905205728574676	NA	NA	NA	NA	NA	NA	NA	NA	NA	NA	NA	NA	NA	NA	NA	NA	0.0214139577176631	NA	NA	NA	NA	NA	NA	NA	NA	NA	NA	NA	NA	NA	NA	NA	NA	NA	NA	NA	NA	NA	NA	NA	NA	NA	NA	NA	NA	NA	NA	NA	NA	NA	NA	NA	NA	NA	NA	NA	NA	NA	NA	NA	NA	NA	NA	NA	NA	NA	NA	NA	NA	NA	NA	NA	NA	NA	NA	NA	NA	NA	NA	NA	NA	NA	NA	NA	NA	NA	NA	NA	NA	NA	NA	NA	0.000363719027051603	NA	NA	NA	NA	NA	NA	NA	NA	0.00131848147306206	NA	NA	NA	NA	NA	NA	NA	NA	NA	NA	NA	NA	NA	NA	NA	NA	NA	NA	NA	NA	NA	NA	NA	NA	NA	NA	NA	NA	NA	NA	NA	NA	NA	NA	NA	NA	NA	NA	NA	NA	NA	NA	NA	NA	NA	NA	NA	NA	NA	NA	NA	NA	NA	NA	NA	NA	NA	NA	NA	NA	NA	NA	NA	NA	NA	NA	NA	NA
Villapol_535_3DPI	NA	NA	NA	NA	NA	NA	NA	NA	NA	NA	NA	NA	NA	NA	NA	0.0224267170455238	NA	NA	NA	NA	NA	NA	0.00578950575903468	NA	NA	NA	NA	NA	NA	NA	NA	NA	NA	NA	NA	NA	0.00109695898592236	0.000365652995307453	NA	NA	0.087147297214943	NA	NA	NA	NA	NA	NA	NA	NA	NA	NA	NA	NA	NA	NA	NA	NA	0.549454567615333	0.00195014930830642	NA	NA	NA	NA	NA	NA	NA	NA	NA	NA	0.000243768663538302	NA	NA	NA	NA	0.00304710829422878	NA	NA	NA	NA	NA	0.00999451520507039	NA	NA	NA	NA	NA	NA	NA	NA	NA	0.00414406728015114	NA	NA	NA	NA	NA	NA	0.26424523127552	0.00944603571210921	NA	0.000792248156499482	NA	NA	NA	NA	NA	NA	NA	NA	NA	0.00286428179657505	0.00280333963069047	NA	NA	NA	NA	NA	NA	NA	NA	NA	NA	NA	NA	NA	NA	NA	NA	NA	NA	NA	NA	NA	NA	NA	NA	NA	NA	NA	NA	0.00195014930830642	NA	NA	NA	NA	NA	NA	0.00316899262599793	NA	NA	NA	NA	NA	NA	NA	NA	NA	NA	NA	NA	NA	NA	NA	NA	NA	NA	NA	NA	NA	NA	NA	NA	NA	NA	NA	NA	NA	NA	NA	NA	NA	NA	NA	NA	NA	0.0234627338655616	NA	NA	NA	0.00109695898592236	NA	NA	NA	NA	NA	NA	NA	NA	NA	NA	NA	NA	NA	NA	NA	NA	NA	NA	NA	NA	NA	NA	NA	NA	NA	NA	NA	NA	NA	NA	NA	NA	NA	NA	NA	0.00140166981534524	NA	NA	NA	NA	NA	NA	NA	NA	NA	NA	NA	NA	NA	0.00310805046011335	NA	NA	NA	NA	NA	NA	NA	NA	NA	NA	NA	NA	NA	NA	NA	NA	NA	NA	NA	NA	NA
Villapol_538_3DPI	NA	NA	NA	NA	NA	NA	NA	NA	NA	NA	NA	NA	NA	NA	NA	NA	NA	NA	NA	NA	NA	NA	NA	NA	NA	NA	NA	NA	NA	NA	NA	NA	NA	NA	NA	NA	NA	0.000740033420864168	NA	NA	0.0711625686321318	NA	NA	NA	NA	NA	NA	NA	NA	NA	NA	NA	NA	NA	NA	NA	NA	0.710002387204583	0.000190976366674624	NA	NA	NA	NA	NA	NA	NA	NA	NA	NA	NA	NA	NA	NA	NA	NA	NA	NA	NA	NA	NA	NA	NA	NA	NA	NA	NA	0.00186201957507758	NA	NA	0.0083552160420148	0.0286703270470279	NA	NA	NA	NA	NA	NA	NA	NA	NA	0.00231558844592982	NA	NA	NA	NA	NA	NA	0.0041776080210074	NA	NA	NA	NA	NA	NA	NA	NA	NA	NA	NA	NA	NA	NA	NA	NA	NA	NA	NA	NA	NA	NA	0.113654810217236	NA	NA	0.00935784196705658	NA	NA	0.0200286464550012	NA	NA	NA	NA	NA	NA	NA	NA	NA	NA	NA	NA	NA	NA	NA	NA	NA	NA	NA	NA	NA	NA	NA	NA	NA	NA	NA	NA	NA	NA	NA	NA	NA	NA	NA	NA	NA	NA	NA	NA	NA	NA	NA	NA	NA	NA	NA	NA	0.028527094772022	NA	NA	NA	NA	NA	NA	NA	NA	NA	NA	NA	NA	NA	NA	NA	NA	NA	NA	NA	NA	NA	NA	NA	NA	NA	NA	NA	NA	NA	NA	NA	0.00095488183337312	NA	NA	NA	NA	NA	NA	NA	NA	NA	NA	NA	NA	NA	NA	NA	NA	NA	NA	NA	NA	NA	NA	NA	NA	NA	NA	NA	NA	NA	NA	NA	NA	NA	NA	NA	NA	NA	NA	NA	NA	NA	NA	NA
Villapol_539_3DPI	NA	NA	NA	NA	NA	NA	NA	NA	NA	NA	NA	NA	NA	NA	NA	NA	NA	NA	NA	NA	NA	NA	NA	NA	NA	NA	2.02240828378433e-05	NA	NA	NA	NA	NA	NA	NA	NA	NA	NA	0.000465153905270396	NA	NA	0.0768312907009667	NA	NA	NA	0.00103142822473001	NA	NA	NA	NA	NA	NA	NA	NA	NA	NA	NA	NA	0.654734457792339	0.0018201674554059	NA	NA	NA	NA	NA	NA	NA	NA	NA	NA	NA	NA	NA	NA	NA	NA	NA	NA	NA	NA	NA	NA	NA	0.000950531893378635	NA	NA	NA	NA	NA	NA	0.00823120171500222	0.0913117340128625	NA	NA	NA	NA	NA	NA	NA	NA	NA	NA	NA	NA	NA	NA	NA	NA	0.00608744893419083	NA	NA	0.00214375278081139	NA	NA	NA	0.000343809408243336	NA	NA	NA	NA	NA	NA	NA	NA	NA	NA	NA	NA	NA	NA	NA	0.109816769809489	NA	NA	0.00012134449702706	NA	NA	NA	NA	NA	NA	NA	NA	NA	NA	NA	NA	NA	NA	NA	NA	NA	NA	NA	NA	NA	NA	NA	NA	NA	NA	NA	NA	NA	NA	NA	NA	NA	NA	NA	NA	NA	NA	NA	NA	NA	NA	NA	NA	NA	NA	NA	NA	NA	0.0077053755612183	NA	0.0313473283986571	NA	NA	NA	NA	NA	NA	NA	NA	NA	NA	NA	NA	NA	NA	NA	NA	NA	NA	NA	NA	NA	NA	NA	NA	NA	NA	NA	NA	NA	NA	NA	0.00171904704121668	NA	NA	NA	NA	NA	NA	NA	NA	NA	NA	NA	NA	NA	NA	NA	NA	0.00531893378635279	NA	NA	NA	NA	NA	NA	NA	NA	NA	NA	NA	NA	NA	NA	NA	NA	NA	NA	NA	NA	NA	NA	NA	NA	NA	NA
Villapol_540_3DPI	NA	NA	NA	NA	NA	NA	NA	NA	NA	NA	NA	NA	NA	NA	NA	NA	NA	NA	NA	NA	NA	NA	NA	NA	NA	NA	0.000918357975939021	NA	NA	NA	NA	NA	NA	NA	NA	NA	NA	NA	0.000826522178345119	NA	0.0791624575259436	0.000459178987969511	NA	NA	NA	NA	NA	NA	NA	NA	NA	NA	NA	NA	NA	NA	NA	0.594453117825328	0.00128570116631463	NA	NA	NA	NA	NA	NA	NA	NA	NA	NA	NA	NA	NA	NA	NA	0.0088162365690146	NA	NA	NA	NA	NA	0.000642850583157315	NA	0.000551014785563413	NA	NA	NA	NA	NA	NA	0.00156120855909634	0.00275507392781706	NA	NA	NA	NA	NA	NA	0.197906143814859	0.0264487097070438	NA	NA	NA	NA	NA	NA	NA	NA	0.00505096886766462	0.000826522178345119	NA	0.00211222334465975	NA	NA	NA	NA	NA	NA	NA	NA	NA	NA	NA	NA	NA	NA	NA	NA	NA	NA	NA	NA	NA	NA	NA	NA	NA	NA	0.0426118100835706	NA	NA	0.00817338598585729	NA	NA	NA	NA	NA	NA	NA	NA	NA	NA	NA	NA	NA	9.18357975939021e-05	NA	NA	NA	NA	NA	NA	NA	NA	NA	NA	NA	NA	NA	NA	NA	NA	NA	NA	NA	NA	NA	NA	0.000367343190375608	NA	NA	NA	NA	NA	NA	NA	0.021581412434567	NA	NA	NA	NA	NA	NA	NA	NA	NA	NA	NA	NA	NA	NA	NA	NA	NA	NA	NA	NA	NA	NA	NA	NA	NA	NA	NA	NA	NA	NA	NA	NA	NA	NA	NA	NA	0.000183671595187804	NA	NA	0.000275507392781706	NA	NA	0.00293874552300487	NA	NA	NA	NA	NA	NA	NA	NA	NA	NA	NA	NA	NA	NA	NA	NA	NA	NA	NA	NA	NA	NA	NA	NA	NA	NA	NA	NA	NA	NA	NA	NA
Villapol_541_3DPI	NA	NA	NA	NA	NA	NA	NA	NA	NA	NA	NA	NA	NA	NA	NA	0.0015072187847057	NA	NA	NA	NA	NA	NA	NA	NA	NA	NA	NA	NA	NA	NA	NA	NA	NA	NA	NA	NA	NA	NA	NA	NA	0.0619546247818499	NA	NA	NA	NA	NA	NA	NA	NA	NA	NA	NA	NA	NA	NA	NA	NA	0.719181342217991	0.000396636522290973	NA	NA	NA	NA	NA	NA	NA	NA	NA	NA	NA	NA	NA	NA	NA	0.00222116452482945	NA	NA	NA	NA	NA	0.000713945740123751	NA	NA	NA	NA	NA	NA	NA	NA	NA	0.00618752974773917	NA	NA	NA	NA	NA	NA	0.112010153894971	0.00682214818340473	NA	NA	NA	NA	NA	NA	NA	NA	0.0379977788354752	0.000713945740123751	NA	0.00134856417578931	0.000237981913374584	NA	NA	NA	NA	NA	NA	NA	NA	NA	NA	NA	NA	NA	NA	NA	NA	NA	NA	NA	NA	NA	NA	NA	NA	NA	0.00349040139616056	NA	NA	0.000951927653498334	NA	NA	NA	NA	NA	NA	0.0014278914802475	NA	NA	NA	NA	NA	NA	NA	NA	NA	NA	NA	NA	NA	NA	NA	NA	NA	NA	NA	NA	NA	NA	NA	NA	NA	NA	NA	NA	NA	NA	NA	NA	NA	NA	NA	0.00087260034904014	NA	0.00753609392352848	NA	NA	NA	NA	NA	NA	NA	NA	NA	NA	NA	NA	NA	NA	NA	NA	NA	NA	NA	NA	NA	NA	NA	NA	NA	NA	NA	NA	NA	NA	NA	NA	NA	NA	NA	NA	NA	NA	NA	NA	NA	NA	0.0172933523718864	NA	NA	NA	NA	NA	0.00491829287640806	NA	0.012216404886562	NA	NA	NA	NA	NA	NA	NA	NA	NA	NA	NA	NA	NA	NA	NA	NA	NA	NA	NA	NA	NA	NA	NA	NA
Villapol_546_3DPI	NA	NA	NA	NA	NA	NA	NA	NA	NA	NA	NA	NA	NA	NA	NA	NA	NA	NA	NA	NA	NA	NA	NA	NA	NA	NA	NA	NA	NA	NA	NA	NA	NA	NA	NA	NA	NA	0.000786490862826741	NA	NA	NA	NA	NA	NA	NA	NA	NA	NA	NA	NA	NA	NA	NA	NA	NA	NA	NA	0.802081887578071	0.00148045338885034	NA	NA	NA	NA	NA	NA	NA	NA	NA	NA	0.0137867221836687	NA	NA	NA	NA	NA	NA	NA	NA	NA	NA	NA	NA	NA	NA	NA	NA	NA	NA	NA	NA	0.0238723108952117	NA	NA	NA	NA	NA	NA	0.000416377515614157	NA	NA	NA	NA	NA	NA	NA	NA	NA	NA	NA	NA	NA	NA	NA	NA	0.103631737219523	NA	NA	NA	NA	NA	NA	NA	NA	NA	NA	NA	NA	NA	NA	NA	NA	NA	NA	NA	NA	NA	NA	NA	NA	NA	NA	NA	NA	NA	NA	NA	NA	NA	NA	NA	NA	NA	NA	NA	NA	NA	NA	NA	NA	NA	NA	NA	NA	NA	NA	NA	NA	NA	NA	NA	NA	NA	NA	NA	NA	NA	NA	NA	NA	NA	NA	NA	NA	0.021235253296322	NA	0.0278047652093454	NA	NA	NA	NA	NA	NA	NA	NA	NA	NA	NA	NA	NA	NA	NA	NA	NA	NA	NA	NA	NA	NA	0.00490400185056674	NA	NA	NA	NA	NA	NA	NA	NA	NA	NA	NA	NA	NA	NA	NA	NA	NA	NA	NA	NA	NA	NA	NA	NA	NA	NA	NA	NA	NA	NA	NA	NA	NA	NA	NA	NA	NA	NA	NA	NA	NA	NA	NA	NA	NA	NA	NA	NA	NA	NA	NA	NA
Villapol_547_3DPI	NA	NA	NA	NA	NA	NA	NA	NA	NA	NA	NA	NA	NA	NA	NA	NA	NA	NA	NA	NA	NA	NA	NA	NA	NA	NA	NA	NA	NA	NA	NA	NA	NA	NA	NA	NA	NA	NA	NA	NA	NA	NA	NA	NA	NA	NA	NA	NA	NA	NA	NA	NA	NA	NA	NA	NA	NA	0.801980198019802	NA	NA	NA	NA	NA	NA	NA	NA	NA	NA	NA	NA	NA	NA	NA	NA	NA	NA	NA	NA	NA	NA	NA	NA	NA	NA	NA	NA	0.00516115441331367	NA	NA	NA	NA	NA	NA	NA	NA	NA	NA	NA	NA	NA	NA	NA	NA	NA	NA	NA	NA	NA	NA	NA	NA	NA	NA	NA	NA	NA	NA	NA	NA	NA	NA	NA	NA	NA	NA	NA	NA	NA	NA	NA	NA	NA	NA	NA	NA	NA	NA	0.140035812091847	NA	NA	NA	NA	NA	NA	NA	NA	NA	NA	NA	NA	NA	NA	NA	NA	NA	NA	NA	NA	NA	NA	NA	NA	NA	NA	NA	NA	NA	NA	NA	NA	NA	NA	NA	NA	NA	NA	NA	NA	NA	NA	NA	NA	NA	NA	NA	0.0525068464293238	NA	NA	NA	NA	NA	NA	NA	NA	NA	NA	NA	NA	NA	NA	NA	NA	NA	NA	NA	NA	NA	NA	0.000315989045713082	NA	NA	NA	NA	NA	NA	NA	NA	NA	NA	NA	NA	NA	NA	NA	NA	NA	NA	NA	NA	NA	NA	NA	NA	NA	NA	NA	NA	NA	NA	NA	NA	NA	NA	NA	NA	NA	NA	NA	NA	NA	NA	NA	NA	NA	NA	NA	NA	NA	NA	NA	NA
Villapol_548_3DPI	NA	NA	NA	NA	NA	NA	NA	NA	NA	NA	NA	NA	NA	NA	NA	0.0338431500162707	NA	NA	NA	NA	NA	NA	NA	NA	NA	NA	NA	NA	NA	NA	NA	NA	NA	NA	NA	NA	NA	0.000406768630003254	NA	NA	0.0437683045883501	NA	NA	NA	NA	NA	NA	NA	NA	NA	NA	NA	NA	NA	NA	NA	NA	0.788480312398308	NA	NA	NA	NA	NA	NA	NA	NA	NA	NA	NA	NA	NA	NA	NA	NA	0.0128538887081028	NA	NA	NA	NA	NA	0.00813537260006508	NA	NA	NA	NA	NA	NA	NA	NA	NA	NA	NA	NA	NA	NA	NA	NA	0.0301822323462415	0.0346566872762773	NA	NA	NA	NA	NA	NA	NA	NA	NA	0.000488122356003905	NA	0.000569476082004556	NA	NA	NA	NA	NA	NA	NA	NA	NA	NA	NA	NA	0.00471851610803775	NA	NA	NA	NA	NA	NA	NA	NA	NA	NA	NA	NA	NA	NA	NA	NA	NA	NA	NA	NA	NA	NA	NA	0.00113895216400911	NA	NA	NA	NA	NA	NA	NA	0.00170842824601367	NA	NA	NA	NA	NA	NA	NA	NA	NA	NA	NA	NA	NA	NA	NA	NA	NA	NA	NA	NA	NA	NA	NA	NA	NA	NA	NA	NA	NA	0.0187927107061503	NA	NA	NA	NA	NA	NA	0.000406768630003254	NA	NA	NA	NA	NA	NA	NA	NA	NA	NA	NA	NA	NA	NA	NA	NA	NA	NA	NA	NA	NA	NA	NA	NA	NA	NA	NA	NA	NA	NA	NA	NA	0.00113895216400911	NA	NA	NA	NA	NA	NA	NA	NA	NA	NA	0.0187113569801497	NA	NA	NA	NA	NA	NA	NA	NA	NA	NA	NA	NA	NA	NA	NA	NA	NA	NA	NA	NA	NA	NA	NA	NA
Villapol_549_3DPI	NA	NA	NA	NA	NA	NA	NA	NA	NA	NA	NA	NA	NA	NA	NA	0.0248731895129255	NA	NA	NA	0.000977815803947931	NA	NA	0.00299456089959054	NA	NA	NA	0.000305567438733729	NA	NA	NA	NA	NA	NA	NA	NA	NA	NA	0.000672248365214203	NA	NA	0.0480963148566889	0.0014667237059219	NA	NA	NA	NA	NA	NA	NA	NA	NA	NA	NA	NA	NA	NA	NA	0.749740267677076	0.000916702316201186	NA	NA	NA	NA	NA	NA	NA	NA	NA	NA	NA	NA	NA	NA	NA	0.00470573855649942	0.00134449673042841	NA	NA	NA	NA	0.00733361852960948	NA	NA	NA	NA	NA	NA	NA	NA	0.00042779441422722	NA	NA	NA	NA	NA	NA	NA	0.0743751145877895	0.0370958870622746	NA	0.000244453950986983	NA	NA	NA	NA	NA	NA	NA	0.000733361852960948	NA	0.00262787997311007	NA	NA	NA	NA	NA	NA	NA	NA	NA	NA	NA	NA	0.000733361852960948	NA	NA	NA	NA	NA	NA	NA	NA	NA	NA	NA	NA	NA	NA	NA	NA	NA	NA	0.00140561021817515	NA	NA	NA	NA	0.0021389720711361	NA	NA	NA	NA	NA	NA	NA	0.00220008555888285	NA	NA	NA	NA	NA	NA	0.000244453950986983	NA	NA	NA	NA	NA	NA	NA	NA	NA	NA	NA	NA	NA	NA	NA	NA	NA	NA	NA	NA	NA	NA	0.0205952453706533	NA	NA	NA	NA	NA	NA	NA	NA	NA	NA	NA	NA	NA	NA	NA	NA	NA	NA	NA	NA	NA	NA	NA	NA	NA	NA	NA	NA	NA	NA	NA	NA	NA	NA	NA	NA	NA	NA	NA	0.00177229114465563	NA	NA	NA	NA	NA	NA	NA	NA	NA	NA	0.0117337896473752	NA	NA	0.000244453950986983	NA	NA	NA	NA	NA	NA	NA	NA	NA	NA	NA	NA	NA	NA	NA	NA	NA	NA	NA	NA	NA
Villapol_550_3DPI	NA	NA	NA	NA	NA	NA	NA	NA	NA	NA	NA	NA	NA	NA	NA	NA	NA	NA	NA	NA	NA	NA	NA	NA	NA	NA	NA	NA	NA	NA	NA	NA	NA	NA	NA	NA	NA	NA	NA	NA	NA	NA	NA	NA	NA	NA	NA	NA	NA	NA	NA	NA	NA	NA	NA	NA	NA	NA	NA	NA	NA	NA	NA	NA	NA	NA	NA	NA	NA	NA	NA	NA	NA	NA	NA	NA	NA	NA	NA	NA	NA	NA	NA	NA	NA	NA	NA	NA	NA	NA	NA	NA	NA	NA	NA	NA	NA	NA	NA	NA	NA	NA	NA	NA	NA	NA	NA	0.100116211504939	NA	NA	NA	NA	NA	NA	NA	NA	NA	NA	NA	NA	NA	NA	NA	NA	NA	NA	NA	NA	NA	NA	NA	NA	NA	NA	NA	NA	NA	NA	NA	NA	0.000116211504938989	NA	NA	NA	NA	NA	NA	NA	NA	NA	NA	NA	NA	NA	NA	NA	NA	NA	NA	NA	NA	NA	NA	NA	NA	NA	NA	NA	NA	NA	NA	NA	NA	NA	NA	NA	NA	NA	NA	NA	NA	NA	NA	NA	NA	NA	NA	NA	NA	NA	NA	NA	NA	NA	NA	NA	NA	NA	NA	NA	NA	NA	NA	NA	NA	NA	NA	NA	NA	NA	NA	NA	NA	NA	NA	NA	NA	NA	NA	NA	NA	NA	NA	NA	NA	NA	NA	NA	NA	NA	NA	NA	NA	NA	NA	NA	NA	NA	NA	0.899767576990122	NA	NA	NA	NA	NA	NA	NA	NA	NA	NA	NA	NA	NA	NA	NA	NA	NA	NA	NA	NA	NA
Villapol_553_3DPI	NA	NA	NA	NA	NA	NA	NA	NA	NA	NA	NA	NA	NA	NA	NA	0.00874836927327143	NA	NA	NA	0.00248126263013839	NA	NA	0.00388816412145397	NA	NA	NA	NA	NA	NA	NA	NA	NA	NA	NA	NA	NA	0.00138132146420075	0.000639500677870719	NA	NA	0.168418898524032	0.000230220244033459	NA	NA	NA	NA	NA	NA	NA	NA	NA	NA	NA	NA	NA	NA	NA	0.629780267567084	0.000255800271148287	NA	NA	NA	NA	NA	NA	NA	NA	NA	NA	0.000665080704985547	NA	NA	NA	NA	0.00583224618218095	NA	NA	NA	NA	NA	0.00708566751080756	NA	NA	NA	NA	NA	NA	NA	NA	NA	NA	NA	NA	NA	NA	NA	NA	0.0732100376026399	0.0339702760084926	NA	0.000639500677870719	NA	NA	NA	NA	NA	NA	0.00644616683293684	0.00081856086767452	NA	NA	0.000741820786330034	NA	NA	0.00153480162688972	NA	NA	NA	NA	NA	NA	NA	NA	NA	NA	NA	NA	NA	NA	NA	NA	NA	NA	NA	NA	NA	NA	NA	NA	NA	0.00851814902923797	NA	0.000383700406722431	NA	NA	NA	NA	0.000639500677870719	NA	NA	NA	NA	NA	NA	NA	0.003734683958765	NA	NA	NA	NA	NA	NA	NA	NA	NA	NA	NA	NA	NA	NA	NA	NA	NA	NA	NA	NA	NA	NA	NA	NA	NA	0.00104878111170798	NA	NA	NA	0.0216407029391451	NA	NA	NA	0.000281380298263116	NA	NA	NA	NA	NA	NA	NA	NA	NA	NA	NA	NA	NA	NA	NA	NA	NA	NA	NA	NA	NA	NA	NA	NA	NA	NA	NA	NA	NA	NA	NA	NA	NA	NA	NA	0.000537180569411404	NA	NA	NA	NA	NA	NA	NA	NA	NA	NA	0.0148364157266007	NA	NA	0.00161154170823421	NA	NA	NA	NA	NA	NA	NA	NA	NA	NA	NA	NA	NA	NA	NA	NA	NA	NA	NA	NA	NA
Villapol_557_3DPI	NA	NA	NA	NA	NA	NA	NA	8.51371772768874e-05	NA	NA	NA	NA	NA	0.000191558648872997	NA	NA	NA	NA	NA	NA	NA	NA	0.00100036183300343	NA	NA	NA	NA	NA	NA	NA	NA	NA	NA	NA	NA	NA	NA	0.000191558648872997	NA	NA	0.184258135921504	NA	NA	NA	NA	NA	NA	NA	NA	NA	NA	NA	NA	NA	NA	NA	NA	0.618479024327948	0.000127705765915331	NA	0.000148990060234553	NA	NA	NA	NA	NA	NA	NA	NA	8.51371772768874e-05	NA	NA	0.000830087478449652	NA	0.000787518889811208	NA	NA	NA	NA	NA	0.00023412723751144	NA	NA	NA	NA	NA	NA	NA	NA	NA	NA	NA	NA	NA	NA	NA	NA	0.0340761552050742	0.0126215865312986	NA	NA	NA	NA	NA	NA	NA	NA	0.00632143541280889	0.000276695826149884	NA	NA	NA	NA	NA	0.0198795308941532	NA	NA	NA	NA	NA	NA	NA	NA	NA	NA	0.000446970180703659	NA	NA	NA	NA	NA	NA	NA	NA	NA	NA	NA	NA	NA	NA	0.000297980120469106	NA	4.25685886384437e-05	NA	NA	NA	NA	0.000127705765915331	NA	NA	0.0859034118723794	NA	0.000255411531830662	NA	NA	NA	NA	NA	NA	NA	NA	NA	NA	NA	NA	NA	NA	NA	NA	NA	NA	NA	NA	NA	NA	NA	NA	NA	NA	NA	NA	NA	NA	NA	NA	0.0322244215993019	NA	NA	NA	NA	NA	NA	NA	NA	NA	NA	NA	NA	NA	NA	NA	NA	NA	NA	NA	0.000787518889811208	NA	NA	NA	NA	NA	NA	NA	NA	NA	NA	NA	NA	NA	NA	NA	NA	NA	NA	NA	NA	NA	NA	NA	NA	NA	NA	NA	NA	NA	NA	NA	NA	NA	NA	NA	NA	NA	NA	NA	NA	NA	NA	NA	NA	NA	NA	NA	NA	NA	NA	NA	NA	NA	NA	0.000319264414788328
Villapol_560_3DPI	NA	NA	NA	4.02844079199146e-05	NA	NA	NA	NA	NA	NA	NA	NA	NA	NA	NA	NA	NA	NA	NA	NA	NA	NA	NA	NA	NA	NA	NA	NA	NA	NA	NA	NA	NA	NA	NA	NA	NA	0.000302133059399359	NA	NA	0.116341370072713	0.000100711019799786	NA	NA	NA	NA	NA	NA	NA	NA	NA	NA	NA	NA	NA	NA	NA	0.676697484238725	0.000503555098998932	NA	NA	NA	NA	NA	NA	NA	NA	NA	NA	NA	NA	NA	NA	NA	0.000181279835639616	NA	NA	NA	NA	NA	NA	NA	NA	NA	NA	NA	NA	NA	NA	NA	NA	NA	NA	NA	NA	NA	NA	0.104578322960098	0.00247749108707475	NA	NA	NA	NA	NA	NA	NA	NA	0.0667915483312184	0.000483412895038975	NA	NA	NA	NA	NA	NA	NA	NA	NA	NA	NA	NA	NA	NA	NA	NA	NA	NA	NA	NA	NA	NA	NA	NA	NA	NA	NA	NA	NA	NA	NA	0.00022156424355953	NA	NA	NA	NA	NA	NA	0.00022156424355953	NA	NA	NA	NA	NA	NA	NA	NA	NA	NA	NA	NA	NA	NA	NA	NA	NA	NA	NA	NA	NA	NA	NA	NA	NA	NA	NA	NA	NA	NA	NA	NA	NA	0.0230225391262312	NA	NA	NA	0.00803673938002296	NA	NA	NA	NA	NA	NA	NA	NA	NA	NA	NA	NA	NA	NA	NA	NA	NA	NA	NA	NA	NA	NA	NA	NA	NA	NA	NA	NA	NA	NA	NA	NA	NA	NA	NA	NA	NA	NA	NA	NA	NA	NA	NA	NA	NA	NA	NA	NA	NA	NA	NA	NA	NA	NA	NA	NA	NA	NA	NA	NA	NA	NA	NA	NA	NA	NA	NA	NA	NA	NA	NA	NA	NA	NA	NA
Villapol_562_3DPI	NA	NA	NA	NA	NA	NA	NA	NA	NA	NA	NA	NA	NA	NA	NA	NA	NA	NA	NA	NA	NA	NA	NA	NA	NA	NA	NA	NA	NA	NA	NA	NA	NA	NA	NA	NA	NA	NA	NA	NA	0.136710617626648	NA	NA	NA	NA	NA	0.00902151283830673	NA	NA	NA	NA	NA	NA	NA	NA	NA	NA	0.734212352532963	NA	NA	NA	NA	NA	NA	NA	NA	NA	NA	NA	NA	NA	NA	NA	NA	NA	NA	NA	NA	NA	NA	NA	NA	NA	NA	NA	NA	NA	NA	NA	NA	0.0124913254684247	NA	NA	NA	NA	NA	NA	0.0159611380985427	0.00763358778625954	NA	NA	NA	NA	NA	NA	NA	NA	0.0589868147120056	NA	NA	NA	NA	NA	NA	NA	NA	NA	NA	NA	NA	NA	NA	NA	NA	NA	NA	NA	NA	NA	NA	NA	NA	NA	NA	NA	NA	NA	NA	NA	NA	NA	NA	NA	NA	NA	NA	NA	NA	NA	NA	NA	NA	NA	NA	NA	NA	NA	NA	NA	NA	NA	NA	NA	NA	NA	NA	NA	NA	NA	NA	NA	NA	NA	NA	NA	NA	NA	NA	NA	NA	NA	NA	NA	NA	NA	0.0249826509368494	NA	NA	NA	NA	NA	NA	NA	NA	NA	NA	NA	NA	NA	NA	NA	NA	NA	NA	NA	NA	NA	NA	NA	NA	NA	NA	NA	NA	NA	NA	NA	NA	NA	NA	NA	NA	NA	NA	NA	NA	NA	NA	NA	NA	NA	NA	NA	NA	NA	NA	NA	NA	NA	NA	NA	NA	NA	NA	NA	NA	NA	NA	NA	NA	NA	NA	NA	NA	NA	NA	NA	NA	NA	NA	NA
Villapol_563_3DPI	NA	NA	NA	NA	NA	NA	NA	NA	NA	NA	NA	NA	NA	NA	NA	0.0042075367502038	NA	NA	NA	NA	NA	NA	0.0014989349672601	NA	NA	NA	NA	NA	NA	NA	NA	NA	0.000105188418755095	NA	NA	NA	0.000341862360954059	0.000683724721908118	NA	NA	0.125279406737318	0.000368159465642833	NA	NA	NA	NA	NA	NA	NA	NA	NA	NA	NA	NA	NA	NA	NA	0.580692665737502	0.000157782628132643	NA	0.000368159465642833	NA	NA	NA	NA	0.00063113051253057	NA	NA	NA	NA	NA	NA	NA	NA	0.00412864543613748	0.000999289978173403	NA	NA	NA	NA	0.00157782628132643	NA	NA	NA	NA	NA	NA	NA	NA	NA	NA	NA	NA	NA	NA	NA	NA	0.212112446419649	0.0238514739527178	NA	0.000867804454729534	NA	NA	NA	NA	NA	NA	0.00699502984721382	NA	NA	NA	0.00767875456912194	NA	NA	NA	NA	NA	NA	NA	NA	0.000710021826596892	NA	NA	NA	NA	NA	NA	NA	NA	NA	NA	NA	NA	NA	NA	NA	NA	0.000157782628132643	NA	NA	NA	NA	NA	NA	0.000105188418755095	NA	NA	0.00176190601414784	NA	NA	NA	NA	NA	NA	NA	NA	NA	NA	NA	NA	NA	NA	0.000999289978173403	NA	NA	NA	NA	NA	NA	NA	NA	NA	NA	NA	NA	NA	NA	NA	NA	NA	NA	NA	NA	0.00186709443290294	NA	0.0195913429931365	NA	NA	NA	NA	NA	NA	0.00181450022352539	NA	NA	NA	NA	NA	NA	NA	NA	NA	NA	NA	NA	0.000184079732821416	NA	NA	NA	NA	NA	NA	NA	NA	NA	NA	NA	NA	NA	NA	NA	NA	NA	NA	NA	NA	NA	NA	NA	NA	NA	NA	NA	NA	NA	NA	NA	NA	NA	0.000262971046887738	NA	NA	NA	NA	NA	NA	NA	NA	NA	NA	NA	NA	NA	NA	NA	NA	NA	NA	NA	NA	NA
Villapol_587_3DPI	NA	NA	NA	NA	NA	NA	NA	NA	NA	NA	NA	NA	NA	NA	NA	NA	NA	NA	NA	NA	NA	NA	0.00020249063480814	NA	NA	NA	NA	NA	NA	NA	NA	NA	NA	NA	NA	NA	NA	NA	NA	NA	0.0479902804495292	NA	NA	NA	NA	NA	NA	NA	NA	NA	NA	NA	NA	NA	NA	NA	NA	0.672268907563025	NA	NA	NA	NA	NA	NA	NA	NA	NA	NA	NA	NA	NA	NA	NA	NA	NA	NA	NA	NA	NA	NA	NA	NA	NA	NA	NA	NA	NA	NA	NA	0.000151867976106105	NA	NA	NA	NA	NA	NA	NA	0.0864128784043738	0.00622658702035031	NA	NA	NA	NA	NA	NA	NA	NA	0.0103776450339172	NA	NA	NA	NA	NA	NA	NA	NA	NA	NA	NA	NA	0.00658094563126455	NA	NA	NA	NA	NA	NA	NA	NA	NA	NA	NA	NA	NA	NA	NA	NA	NA	NA	NA	NA	NA	NA	NA	NA	NA	NA	NA	NA	NA	0.158803280348284	NA	NA	NA	NA	NA	NA	NA	NA	NA	NA	NA	NA	NA	NA	NA	NA	NA	NA	NA	NA	NA	NA	NA	NA	NA	NA	NA	NA	NA	NA	NA	NA	NA	NA	0.00688468158347676	NA	NA	NA	NA	NA	NA	NA	NA	NA	NA	NA	NA	NA	NA	NA	NA	NA	NA	NA	0.00020249063480814	NA	NA	NA	NA	NA	NA	NA	NA	NA	NA	NA	NA	NA	NA	NA	NA	NA	NA	NA	NA	NA	NA	0.00020249063480814	NA	NA	NA	NA	NA	NA	NA	0.00369545408524856	NA	NA	NA	NA	NA	NA	NA	NA	NA	NA	NA	NA	NA	NA	NA	NA	NA	NA	NA	NA	NA	NA	NA	NA
Villapol_589_3DPI	NA	NA	NA	NA	NA	NA	NA	NA	NA	NA	NA	NA	NA	NA	NA	NA	NA	NA	NA	NA	NA	NA	NA	NA	NA	NA	NA	NA	NA	NA	NA	NA	NA	NA	NA	NA	NA	NA	NA	NA	0.10077061000267	NA	NA	NA	NA	NA	NA	NA	NA	NA	NA	NA	NA	NA	NA	NA	NA	0.732594514172357	0.00238431312707435	NA	NA	NA	NA	NA	NA	NA	NA	NA	NA	NA	NA	NA	NA	NA	NA	NA	NA	0.0182352267958646	NA	NA	NA	NA	NA	NA	NA	NA	0.000267043070232327	NA	NA	0.000896501735779957	0.0193415480868271	NA	NA	NA	NA	NA	NA	NA	NA	NA	NA	NA	NA	NA	NA	NA	NA	0.0128943653912181	NA	NA	NA	NA	NA	NA	NA	NA	NA	NA	NA	NA	NA	NA	NA	NA	NA	NA	NA	NA	NA	NA	NA	NA	NA	NA	NA	NA	NA	NA	NA	NA	NA	NA	NA	NA	NA	NA	NA	NA	NA	NA	0.0806470072101629	NA	NA	NA	NA	NA	NA	NA	NA	NA	NA	NA	NA	NA	NA	NA	NA	NA	NA	NA	NA	NA	NA	NA	NA	NA	NA	NA	NA	NA	NA	NA	NA	0.00381490100331896	NA	0.0277152557891123	NA	NA	NA	NA	NA	NA	NA	NA	NA	NA	NA	NA	NA	NA	NA	NA	NA	NA	NA	NA	NA	NA	NA	NA	NA	NA	NA	NA	NA	NA	NA	NA	NA	NA	NA	NA	NA	NA	NA	NA	NA	NA	0.000438713615381681	NA	NA	NA	NA	NA	NA	NA	NA	NA	NA	NA	NA	NA	NA	NA	NA	NA	NA	NA	NA	NA	NA	NA	NA	NA	NA	NA	NA	NA	NA	NA	NA
Villapol_592_3DPI	NA	NA	NA	NA	NA	NA	NA	NA	NA	NA	NA	NA	NA	NA	NA	0.00134314726266588	NA	NA	NA	NA	NA	NA	0.000832751302852845	NA	NA	NA	NA	NA	NA	NA	NA	NA	NA	NA	NA	NA	NA	NA	0.00010745178101327	NA	0.14712835115242	0.00177295438671896	NA	NA	NA	NA	NA	NA	NA	NA	NA	NA	NA	NA	NA	NA	NA	0.685031966904851	0.000322355343039811	NA	NA	NA	NA	NA	NA	NA	NA	NA	NA	NA	NA	NA	NA	NA	0.00206844678450545	NA	NA	NA	NA	NA	0.000698436576586257	NA	NA	NA	NA	NA	NA	NA	NA	0.00134314726266588	0.0200128942137216	NA	NA	NA	NA	NA	NA	0.0135120614624187	0.0243915542900124	NA	NA	NA	NA	NA	NA	NA	NA	0.0456132810401332	0.000349218288293128	NA	0.000402944178799764	0.00416375651426422	NA	NA	NA	NA	NA	NA	NA	NA	NA	NA	NA	NA	NA	NA	NA	NA	NA	NA	NA	NA	NA	NA	NA	NA	NA	0.00507709665287702	NA	NA	0.000134314726266588	NA	NA	NA	NA	NA	NA	0.000349218288293128	NA	NA	NA	NA	NA	NA	NA	NA	NA	NA	NA	NA	NA	NA	NA	NA	NA	NA	NA	NA	NA	NA	NA	NA	NA	NA	NA	NA	NA	NA	NA	NA	NA	NA	NA	0.00475474130983721	NA	0.0160640412614839	NA	NA	NA	NA	NA	NA	NA	NA	NA	NA	NA	NA	NA	NA	NA	NA	NA	NA	NA	0.00102079191962607	NA	8.05888357599527e-05	NA	NA	NA	NA	NA	NA	NA	NA	NA	NA	NA	NA	NA	NA	NA	NA	NA	NA	NA	NA	NA	NA	NA	NA	NA	NA	NA	NA	NA	NA	NA	0.0234244882608929	NA	NA	NA	NA	NA	NA	NA	NA	NA	NA	NA	NA	NA	NA	NA	NA	NA	NA	NA	NA	NA
Villapol_593_3DPI	NA	NA	NA	NA	NA	NA	NA	NA	NA	NA	NA	NA	NA	NA	NA	NA	NA	NA	NA	NA	NA	NA	NA	NA	NA	NA	NA	NA	NA	NA	NA	NA	NA	NA	NA	NA	NA	NA	NA	NA	0.0012796697626419	NA	NA	NA	NA	NA	NA	NA	NA	NA	NA	NA	NA	NA	NA	NA	NA	0.808895768833849	NA	NA	NA	NA	NA	NA	NA	NA	NA	NA	NA	NA	NA	NA	NA	NA	NA	NA	NA	NA	NA	NA	NA	NA	NA	NA	NA	NA	NA	NA	NA	NA	0.0500928792569659	NA	NA	NA	NA	NA	NA	NA	NA	NA	NA	NA	NA	NA	NA	NA	NA	0.0375232198142415	NA	NA	NA	NA	NA	NA	NA	NA	NA	NA	NA	NA	NA	NA	NA	NA	NA	NA	NA	NA	NA	NA	NA	NA	NA	NA	NA	NA	NA	0.00493292053663571	NA	NA	NA	NA	NA	NA	NA	NA	NA	NA	NA	NA	NA	NA	NA	NA	NA	NA	NA	NA	NA	NA	NA	NA	NA	NA	NA	NA	NA	NA	NA	NA	NA	NA	NA	NA	NA	NA	NA	NA	NA	NA	NA	NA	NA	0.0137254901960784	NA	NA	NA	NA	NA	NA	NA	NA	NA	NA	NA	NA	NA	NA	NA	NA	NA	NA	NA	NA	NA	0.00208462332301342	NA	NA	NA	NA	NA	NA	NA	NA	NA	NA	NA	NA	NA	NA	NA	NA	NA	NA	NA	NA	NA	NA	NA	NA	NA	NA	NA	NA	NA	NA	NA	NA	NA	0.0814654282765738	NA	NA	NA	NA	NA	NA	NA	NA	NA	NA	NA	NA	NA	NA	NA	NA	NA	NA	NA	NA	NA
Villapol_597_3DPI	NA	NA	NA	NA	NA	NA	NA	NA	NA	NA	NA	NA	NA	0.0320579110651499	NA	0.0400922758730411	NA	NA	NA	0.0015511892450879	NA	NA	0.000397740832073821	NA	0.000477288998488585	NA	NA	NA	NA	NA	NA	NA	NA	NA	NA	0.000477288998488585	3.97740832073821e-05	NA	0.000318192665659057	NA	0.216172142232122	0.00365921565507915	NA	NA	NA	NA	NA	NA	NA	NA	NA	NA	NA	NA	NA	NA	NA	0.526052024500835	NA	NA	0.0015511892450879	NA	NA	NA	NA	NA	NA	NA	NA	NA	NA	NA	0.0022273486596134	NA	0.00182960782753958	NA	NA	NA	NA	NA	0.000517063081695967	NA	NA	NA	NA	NA	NA	NA	NA	NA	NA	NA	NA	NA	NA	NA	NA	0.0112162914644817	0.109458276986715	0.00401718240394559	NA	NA	0.00568769389865564	NA	NA	NA	NA	NA	NA	NA	0.000994352080184552	NA	NA	0.00019887041603691	NA	NA	NA	NA	NA	NA	NA	NA	NA	NA	NA	NA	NA	NA	NA	NA	NA	NA	NA	NA	NA	NA	NA	0.000437514915281203	NA	NA	NA	NA	0.0095457799697717	NA	0.000556837164903349	NA	NA	0.00147164107867314	NA	0.000715933497732877	NA	NA	NA	NA	NA	NA	NA	NA	NA	NA	NA	NA	NA	NA	NA	NA	NA	NA	NA	NA	NA	NA	NA	NA	NA	NA	NA	NA	NA	NA	NA	NA	NA	NA	NA	0.0232280645931111	NA	NA	NA	NA	NA	NA	0.000517063081695967	NA	NA	NA	NA	NA	NA	NA	NA	NA	NA	NA	NA	0.000676159414525495	NA	NA	NA	NA	NA	NA	NA	NA	NA	NA	NA	NA	NA	NA	NA	NA	0.00135231882905099	NA	NA	0.000795481664147641	NA	NA	NA	NA	NA	NA	NA	NA	NA	NA	NA	NA	NA	0.000477288998488585	NA	NA	NA	NA	NA	NA	NA	NA	NA	NA	NA	NA	NA	NA	NA	NA	NA	NA	NA	0.000676159414525495	0.000556837164903349
Villapol_606_3DPI	NA	NA	NA	NA	NA	0.000145465124736344	NA	NA	NA	NA	NA	NA	NA	NA	NA	NA	NA	NA	NA	NA	NA	NA	0.00298203505709506	NA	NA	NA	NA	NA	NA	NA	NA	NA	NA	NA	NA	NA	0.00120008727907484	NA	0.000436395374209033	NA	0.0774238126409193	0.00520037820932431	NA	NA	NA	NA	NA	NA	NA	NA	NA	NA	NA	NA	NA	NA	NA	0.65877518364972	0.00200014546512474	NA	NA	NA	NA	NA	NA	NA	NA	NA	NA	NA	NA	NA	NA	NA	0.0168375881882319	NA	NA	NA	NA	NA	0.00421848861735399	NA	NA	NA	NA	NA	NA	NA	NA	NA	NA	NA	NA	NA	NA	NA	NA	0.0790966615753873	0.0206196814313768	NA	NA	NA	NA	NA	NA	NA	NA	0.00661866317550367	0.000836424467233981	NA	NA	NA	NA	NA	0.0344388682813296	NA	NA	NA	NA	NA	NA	NA	NA	NA	NA	NA	NA	NA	NA	NA	NA	NA	NA	NA	NA	NA	NA	NA	NA	NA	NA	NA	0.00436395374209033	NA	NA	NA	NA	0.00218197687104517	NA	NA	NA	NA	NA	NA	NA	NA	NA	NA	NA	NA	NA	NA	NA	NA	NA	NA	NA	NA	NA	NA	NA	NA	NA	NA	NA	NA	0.000909157029602153	NA	NA	NA	NA	NA	NA	NA	NA	0.0282202341988508	NA	NA	NA	NA	NA	NA	NA	NA	NA	NA	NA	NA	NA	NA	NA	NA	NA	NA	NA	NA	NA	NA	NA	NA	NA	NA	NA	NA	NA	NA	NA	NA	NA	NA	NA	NA	NA	NA	NA	0.00112735471670667	NA	NA	NA	NA	NA	NA	NA	NA	NA	NA	0.0357480544039567	NA	NA	0.0166193905011274	NA	NA	NA	NA	NA	NA	NA	NA	NA	NA	NA	NA	NA	NA	NA	NA	NA	NA	NA	NA	NA
Villapol_612_3DPI	NA	NA	NA	NA	NA	NA	NA	NA	NA	NA	NA	NA	NA	NA	NA	0.0190918012311535	NA	NA	NA	0.022214292086716	NA	NA	NA	NA	NA	NA	NA	NA	NA	NA	NA	NA	NA	NA	NA	NA	0.00169506646444821	NA	0.000267642073333928	NA	0.100588812561335	0.000535284146667856	NA	NA	NA	NA	NA	NA	NA	NA	NA	NA	NA	NA	NA	NA	NA	0.506066553662236	0.000267642073333928	NA	NA	NA	NA	NA	NA	NA	NA	NA	NA	NA	NA	NA	NA	NA	0.0139173878133643	NA	NA	NA	NA	NA	0.0014720314033366	NA	NA	NA	NA	NA	0.000446070122223214	NA	NA	NA	NA	NA	NA	NA	NA	NA	NA	0.064680167722366	0.0128468195200285	NA	NA	NA	NA	NA	NA	NA	NA	NA	NA	NA	0.00441609421000981	0.00530823445445624	NA	NA	0.137300383620305	NA	NA	NA	NA	NA	NA	NA	NA	NA	NA	NA	NA	NA	NA	0.000535284146667856	NA	NA	NA	NA	NA	NA	NA	NA	NA	NA	NA	NA	0.00120438933000268	NA	0.000178428048889285	NA	NA	0.00620037469890267	NA	NA	0.016103131412258	NA	NA	NA	NA	NA	NA	NA	NA	NA	NA	NA	NA	NA	NA	NA	NA	0.0168614506200375	NA	NA	NA	NA	NA	NA	NA	NA	NA	NA	NA	NA	NA	NA	NA	NA	NA	0.0271210634311714	NA	NA	NA	NA	NA	NA	NA	NA	NA	NA	NA	NA	NA	NA	NA	NA	NA	NA	0.0353733606923008	NA	NA	NA	NA	NA	NA	NA	NA	NA	NA	NA	NA	0.000446070122223214	NA	NA	NA	NA	NA	NA	NA	0.000490677134445535	NA	NA	NA	NA	NA	NA	NA	NA	NA	NA	0.00218574359889375	NA	NA	0.000223035061111607	NA	NA	NA	0.00196270853778214	NA	NA	NA	NA	NA	NA	NA	NA	NA	NA	NA	NA	NA	NA	NA	NA	NA
Villapol_614_3DPI	NA	NA	NA	NA	NA	NA	NA	NA	NA	NA	NA	NA	NA	NA	NA	0.0143191518656203	NA	NA	NA	0.00660883932259397	NA	NA	NA	NA	NA	NA	0.000344210381385103	NA	NA	NA	NA	NA	NA	NA	NA	NA	0.00326999862315847	0.000378631419523613	0.000894946991601267	NA	0.228314745972739	NA	NA	NA	NA	NA	NA	NA	NA	NA	NA	NA	NA	NA	NA	NA	NA	0.368511634310891	0.00564505025471568	NA	0.000206526228831062	NA	NA	NA	NA	NA	NA	NA	NA	NA	NA	NA	0.000206526228831062	NA	0.0191036761668732	NA	NA	NA	NA	NA	0.00633347101748589	NA	NA	NA	NA	NA	NA	NA	NA	NA	0.000172105190692551	NA	NA	NA	NA	NA	NA	0.164670246454633	0.0151452567809445	NA	0.00110147322043233	NA	NA	NA	NA	NA	NA	0.000481894533939144	0.000860525953462756	NA	0.00640231309376291	0.00495662949194548	NA	NA	0.0556932397081096	NA	NA	NA	NA	NA	NA	NA	NA	0.0123571526917252	NA	NA	NA	NA	NA	0.000240947266969572	NA	NA	NA	NA	NA	NA	NA	NA	NA	NA	NA	NA	NA	NA	0.000309789343246592	NA	NA	0.00247831474597274	NA	NA	0.00578273440726972	NA	NA	NA	NA	NA	NA	NA	NA	NA	NA	NA	NA	6.88420762770205e-05	NA	NA	NA	NA	NA	NA	NA	NA	NA	NA	NA	NA	NA	NA	NA	NA	NA	NA	NA	NA	NA	0.0268828307861765	NA	NA	NA	0.00144568360181743	NA	NA	0.000137684152554041	NA	NA	NA	NA	6.88420762770205e-05	NA	NA	NA	NA	NA	NA	NA	0.00499105053008399	NA	NA	NA	NA	NA	NA	NA	NA	NA	NA	NA	NA	NA	NA	NA	NA	0.000240947266969572	NA	NA	0.000585157648354674	NA	NA	NA	NA	NA	NA	NA	NA	NA	NA	NA	NA	NA	0.040341456698334	NA	NA	NA	NA	NA	NA	NA	NA	NA	NA	NA	NA	NA	NA	NA	NA	NA	NA	NA	NA	0.000447473495800633
Villapol_616_3DPI	NA	NA	NA	NA	NA	NA	NA	NA	NA	NA	NA	NA	NA	0.000206036880601628	NA	NA	NA	NA	NA	0.00834449366436592	NA	NA	NA	NA	0.000257546100752035	NA	NA	NA	NA	NA	NA	NA	NA	NA	NA	NA	NA	NA	NA	NA	0.0911713196662203	0.00139074894406099	NA	NA	NA	NA	NA	NA	NA	NA	NA	NA	NA	NA	NA	NA	NA	0.360616050272999	NA	NA	NA	NA	NA	NA	NA	NA	NA	NA	NA	NA	NA	NA	0.000824147522406511	NA	NA	NA	NA	NA	NA	NA	NA	NA	NA	NA	NA	NA	NA	NA	NA	NA	NA	NA	NA	NA	NA	NA	NA	0.425002575461008	0.00767487380241063	0.00262697022767075	NA	NA	0.00128773050376017	NA	NA	NA	NA	NA	NA	NA	NA	NA	0.000618110641804883	NA	NA	NA	NA	NA	NA	NA	NA	NA	NA	NA	NA	NA	NA	NA	NA	NA	NA	NA	NA	NA	NA	NA	NA	NA	NA	NA	NA	NA	0.00350262697022767	NA	0.00396620995158133	NA	NA	0.0089626043061708	NA	0.000927165962707325	0.0275059235603173	NA	NA	NA	NA	NA	NA	NA	NA	NA	NA	NA	NA	NA	NA	NA	NA	NA	NA	NA	NA	NA	NA	NA	NA	NA	NA	NA	NA	NA	NA	NA	NA	NA	NA	0.0301328937879881	NA	NA	NA	NA	NA	NA	NA	NA	NA	NA	NA	NA	NA	NA	NA	NA	NA	NA	NA	0.00345111775007726	NA	NA	NA	NA	NA	NA	NA	0.00401771917173174	NA	NA	NA	NA	NA	NA	NA	NA	NA	NA	NA	NA	NA	NA	NA	NA	NA	0.0152982383846709	NA	NA	NA	NA	NA	NA	NA	0.0022148964664675	NA	NA	NA	NA	NA	NA	NA	NA	NA	NA	NA	NA	NA	NA	NA	NA	NA	NA	NA	NA	NA
Villapol_618_3DPI	NA	NA	NA	NA	NA	NA	NA	NA	NA	NA	NA	NA	NA	NA	NA	NA	NA	NA	NA	NA	NA	NA	NA	NA	NA	NA	NA	NA	NA	NA	NA	NA	NA	NA	NA	NA	NA	NA	NA	NA	0.0267119546664846	NA	NA	NA	NA	NA	NA	NA	NA	NA	NA	NA	NA	NA	NA	NA	NA	0.688605175121185	NA	NA	NA	NA	NA	NA	NA	NA	NA	NA	NA	NA	NA	NA	NA	NA	NA	NA	NA	NA	NA	NA	NA	NA	NA	NA	NA	NA	NA	NA	NA	0.00267972963746842	0.00776609544616645	NA	NA	NA	NA	NA	NA	0.000460845224278009	NA	NA	NA	NA	NA	NA	NA	NA	NA	0.00592271454905441	NA	NA	NA	NA	NA	NA	NA	NA	NA	NA	NA	NA	NA	NA	NA	NA	NA	NA	NA	NA	NA	NA	NA	NA	NA	NA	NA	NA	NA	NA	NA	NA	NA	NA	NA	NA	NA	NA	NA	0.000324298491158599	NA	NA	0.193452584146924	NA	NA	NA	NA	NA	NA	NA	NA	NA	NA	NA	NA	NA	NA	NA	NA	NA	NA	NA	NA	NA	NA	NA	NA	NA	NA	NA	NA	NA	NA	NA	NA	NA	NA	0.0272410732573223	NA	NA	NA	NA	NA	NA	NA	NA	NA	NA	NA	NA	NA	NA	NA	NA	NA	NA	NA	0.000119478391479484	NA	NA	NA	NA	NA	NA	NA	NA	NA	NA	NA	NA	NA	NA	NA	NA	NA	NA	NA	NA	NA	NA	NA	NA	NA	NA	NA	NA	0.0386768621560729	NA	0.00769782207960675	NA	NA	0.000341366832798525	NA	NA	NA	NA	NA	NA	NA	NA	NA	NA	NA	NA	NA	NA	NA	NA	NA	NA	NA	NA	NA
Villapol_619_3DPI	NA	NA	NA	NA	NA	NA	NA	NA	NA	NA	NA	NA	NA	NA	NA	NA	NA	NA	NA	NA	NA	NA	NA	NA	NA	NA	0.00132508833922261	NA	NA	NA	NA	NA	NA	NA	NA	NA	0.00132508833922261	NA	NA	NA	0.0748233215547703	NA	NA	NA	0.000750883392226148	NA	NA	NA	NA	NA	NA	NA	NA	NA	0.000530035335689046	NA	NA	0.744478798586572	0.00384275618374558	NA	NA	NA	NA	NA	NA	NA	NA	NA	NA	NA	NA	NA	NA	NA	NA	NA	NA	NA	NA	NA	NA	NA	NA	NA	NA	NA	0.000485865724381625	NA	NA	0.00189929328621908	0.0244257950530035	NA	NA	NA	NA	NA	NA	NA	0.0179770318021201	NA	NA	NA	NA	NA	NA	NA	NA	0.0158127208480565	NA	NA	0.00309187279151943	NA	NA	NA	NA	NA	NA	NA	NA	NA	NA	NA	NA	NA	NA	NA	NA	NA	NA	NA	NA	NA	NA	NA	NA	NA	0.00424028268551237	NA	NA	NA	NA	NA	NA	NA	0.00106007067137809	NA	NA	NA	NA	NA	0.0332155477031802	NA	NA	NA	NA	NA	NA	NA	NA	NA	NA	NA	NA	NA	NA	NA	NA	NA	NA	NA	NA	NA	NA	NA	NA	NA	NA	0.00123674911660777	NA	NA	NA	NA	NA	0.0034452296819788	NA	0.0451413427561837	NA	NA	NA	NA	NA	NA	NA	NA	NA	NA	NA	NA	NA	NA	NA	NA	NA	NA	0.0163427561837456	NA	NA	NA	0.000706713780918728	NA	NA	NA	NA	NA	NA	NA	NA	0.00291519434628975	NA	NA	NA	NA	NA	NA	NA	NA	NA	NA	NA	NA	NA	NA	NA	NA	0.00092756183745583	NA	NA	NA	NA	NA	NA	NA	NA	NA	NA	NA	NA	NA	NA	NA	NA	NA	NA	NA	NA	NA	NA	NA	NA	NA	NA
Villapol_620_3DPI	NA	NA	NA	NA	NA	NA	NA	NA	NA	NA	NA	NA	NA	NA	NA	NA	NA	NA	NA	NA	NA	NA	NA	NA	NA	NA	0.00098309827201573	NA	NA	NA	NA	NA	NA	NA	NA	NA	NA	0.00037811472000605	NA	NA	0.128861496578062	NA	NA	NA	0.00468862252807502	NA	NA	NA	NA	NA	NA	NA	NA	NA	NA	NA	NA	0.729232049003668	NA	NA	NA	NA	NA	NA	NA	NA	NA	NA	NA	NA	NA	NA	NA	NA	NA	NA	NA	NA	NA	NA	NA	NA	NA	NA	NA	NA	NA	NA	NA	0.00336522100805384	0.0167882935682686	NA	NA	NA	NA	NA	NA	NA	NA	NA	NA	NA	NA	NA	NA	NA	NA	NA	NA	NA	NA	NA	NA	NA	NA	NA	NA	NA	NA	NA	NA	NA	NA	NA	NA	NA	NA	NA	NA	NA	NA	NA	NA	NA	NA	NA	NA	NA	NA	NA	NA	NA	NA	NA	NA	NA	NA	NA	NA	NA	0.0844708284493515	NA	NA	NA	NA	NA	NA	NA	NA	NA	NA	NA	NA	NA	NA	NA	NA	NA	NA	NA	NA	NA	NA	NA	NA	NA	NA	0.000642795024010285	NA	NA	NA	0.00241993420803872	NA	NA	NA	0.0265436533444247	NA	NA	NA	NA	NA	NA	NA	NA	NA	NA	NA	NA	NA	NA	NA	NA	NA	NA	NA	NA	NA	NA	0.00060498355200968	NA	NA	NA	NA	NA	NA	NA	NA	NA	NA	NA	NA	NA	NA	NA	NA	NA	NA	NA	NA	NA	NA	NA	NA	NA	0.00102090974401633	NA	NA	NA	NA	NA	NA	NA	NA	NA	NA	NA	NA	NA	NA	NA	NA	NA	NA	NA	NA	NA	NA	NA	NA	NA	NA
Villapol_621_3DPI	NA	NA	NA	NA	NA	0.000132432790358893	NA	NA	NA	NA	NA	NA	NA	NA	NA	0.0428199355493754	NA	NA	NA	0.00030900984417075	NA	NA	NA	NA	0.00092702953251225	NA	NA	NA	NA	0.0018540590650245	NA	NA	NA	NA	NA	NA	NA	0.00114775084977707	NA	NA	0.219087979517062	NA	NA	NA	NA	NA	0.00203063611883636	NA	NA	NA	NA	NA	NA	NA	NA	NA	NA	0.573919569151989	NA	NA	NA	NA	NA	NA	NA	NA	NA	NA	NA	0.00251622301681896	NA	NA	0.00953516090584029	NA	NA	NA	NA	NA	NA	NA	0.000573875424888536	NA	0.00229550169955414	NA	NA	NA	NA	NA	NA	NA	NA	NA	NA	NA	NA	NA	NA	0.00180991480157154	0.0693064936211539	0.00229550169955414	NA	NA	0.00467929192601421	NA	NA	NA	NA	NA	0.000264865580717786	NA	0.00158919348430671	NA	NA	NA	NA	NA	NA	NA	NA	NA	NA	NA	NA	NA	0.00238379022646007	NA	NA	NA	NA	NA	NA	NA	NA	NA	NA	NA	NA	NA	NA	NA	NA	NA	0.00030900984417075	NA	0.00485586897982607	NA	NA	0.00600361982960314	NA	0.00145676069394782	0.00476758045292014	NA	NA	NA	NA	NA	NA	NA	NA	NA	NA	NA	NA	NA	NA	NA	NA	NA	NA	NA	NA	NA	NA	NA	NA	NA	NA	NA	NA	NA	NA	NA	NA	NA	NA	0.040745155167086	NA	NA	NA	NA	NA	NA	0.00167748201121264	NA	NA	NA	NA	NA	NA	NA	NA	NA	NA	NA	NA	NA	NA	NA	NA	NA	NA	NA	NA	NA	NA	NA	NA	NA	NA	NA	NA	NA	NA	NA	NA	NA	NA	NA	NA	NA	NA	NA	NA	NA	NA	NA	NA	NA	NA	NA	NA	NA	0.000706308215247429	NA	NA	NA	NA	NA	NA	NA	NA	NA	NA	NA	NA	NA	NA	NA	NA	NA	NA
Villapol_622_3DPI	NA	NA	NA	NA	NA	NA	NA	NA	NA	NA	NA	NA	NA	NA	NA	NA	NA	NA	NA	0.00855263157894737	NA	NA	NA	NA	NA	NA	NA	NA	NA	NA	NA	NA	NA	NA	NA	NA	NA	NA	NA	NA	0.123684210526316	NA	NA	NA	NA	NA	NA	NA	NA	NA	NA	NA	NA	NA	NA	NA	NA	0.663157894736842	NA	NA	NA	NA	NA	NA	NA	NA	NA	NA	NA	NA	NA	NA	0.00230263157894737	NA	NA	NA	NA	NA	NA	NA	NA	NA	NA	NA	NA	NA	0.000822368421052632	NA	NA	NA	NA	NA	NA	NA	NA	NA	NA	0.00526315789473684	0.0273026315789474	NA	NA	NA	NA	NA	NA	NA	NA	0.0161184210526316	NA	NA	NA	NA	NA	NA	0.00164473684210526	NA	NA	NA	NA	NA	NA	NA	NA	NA	NA	NA	NA	NA	NA	NA	NA	NA	NA	NA	NA	NA	0.0263157894736842	NA	NA	NA	NA	NA	NA	NA	NA	NA	NA	0.000986842105263158	NA	NA	0.0934210526315789	NA	NA	NA	NA	NA	NA	NA	NA	NA	NA	NA	NA	NA	NA	NA	NA	NA	NA	NA	NA	NA	NA	NA	NA	NA	NA	NA	NA	NA	NA	NA	NA	NA	NA	0.0282894736842105	NA	NA	NA	NA	NA	NA	NA	NA	NA	NA	NA	NA	NA	NA	NA	NA	NA	NA	NA	NA	NA	NA	NA	NA	NA	NA	NA	NA	NA	NA	NA	0.00213815789473684	NA	NA	NA	NA	NA	NA	NA	NA	NA	NA	NA	NA	NA	NA	NA	NA	NA	NA	NA	NA	NA	NA	NA	NA	NA	NA	NA	NA	NA	NA	NA	NA	NA	NA	NA	NA	NA	NA	NA	NA	NA	NA	NA
Villapol_623_3DPI	NA	NA	NA	NA	NA	NA	NA	NA	NA	NA	NA	NA	NA	NA	NA	NA	NA	NA	NA	NA	NA	NA	NA	NA	NA	NA	NA	NA	NA	NA	NA	NA	NA	NA	NA	NA	NA	NA	NA	NA	0.104408631193542	0.000120044416434081	NA	NA	NA	NA	NA	NA	NA	NA	NA	NA	NA	NA	NA	NA	NA	0.708952312355572	NA	NA	NA	NA	NA	NA	NA	NA	NA	NA	NA	0.000150055520542601	NA	NA	NA	NA	0.00180066624651121	NA	NA	NA	NA	NA	NA	NA	NA	NA	NA	NA	NA	NA	NA	NA	NA	NA	NA	NA	NA	NA	NA	0.0623330632333964	0.00102037753968969	NA	0.000180066624651121	NA	NA	NA	NA	NA	NA	0.0189970289006933	NA	NA	NA	NA	NA	NA	0.0333423366645659	NA	NA	NA	NA	NA	NA	NA	NA	NA	NA	NA	NA	NA	NA	NA	NA	NA	NA	NA	NA	NA	NA	NA	NA	NA	NA	NA	NA	NA	NA	NA	NA	0.000870322019147084	NA	NA	0.0369436691575883	NA	NA	NA	NA	NA	NA	NA	NA	NA	NA	NA	NA	NA	NA	NA	NA	NA	NA	NA	NA	NA	NA	NA	NA	NA	NA	NA	NA	NA	NA	NA	NA	NA	NA	0.0228384502265838	NA	NA	NA	NA	NA	NA	NA	NA	NA	NA	NA	NA	NA	NA	NA	NA	NA	NA	NA	NA	NA	NA	NA	NA	NA	NA	NA	NA	NA	NA	NA	NA	NA	NA	NA	NA	NA	NA	NA	NA	NA	NA	NA	NA	NA	NA	NA	NA	NA	NA	0.0080429759010834	NA	NA	NA	NA	NA	NA	NA	NA	NA	NA	NA	NA	NA	NA	NA	NA	NA	NA	NA	NA	NA	NA	NA	NA
Villapol_624_3DPI	NA	NA	NA	NA	NA	NA	NA	NA	NA	NA	NA	NA	NA	NA	NA	NA	NA	NA	NA	NA	NA	NA	NA	NA	NA	NA	NA	NA	NA	NA	NA	NA	NA	NA	NA	NA	NA	NA	NA	NA	0.062349239643419	NA	NA	NA	NA	NA	NA	NA	NA	NA	NA	NA	NA	NA	NA	NA	NA	0.825485055060304	NA	NA	NA	NA	NA	NA	NA	NA	NA	NA	NA	NA	NA	NA	NA	NA	NA	NA	NA	NA	NA	NA	NA	NA	NA	NA	NA	NA	NA	0.000314630309386471	NA	0.00419507079181961	NA	NA	NA	NA	NA	NA	NA	0.0491347666491872	0.000943890928159413	NA	NA	NA	NA	NA	NA	NA	NA	0.0287362349239643	NA	NA	NA	NA	NA	NA	0.00188778185631883	NA	NA	NA	NA	NA	NA	NA	NA	NA	NA	NA	NA	NA	NA	NA	NA	NA	NA	NA	NA	NA	0.0169375983219717	NA	NA	NA	0.000734137388568432	NA	NA	NA	NA	NA	NA	NA	NA	NA	NA	NA	NA	NA	0.000629260618772942	NA	NA	NA	NA	NA	NA	NA	NA	NA	NA	NA	NA	NA	NA	NA	NA	NA	NA	NA	NA	NA	NA	NA	NA	NA	NA	NA	NA	NA	NA	0.00865233350812795	NA	NA	NA	NA	NA	NA	NA	NA	NA	NA	NA	NA	NA	NA	NA	NA	NA	NA	NA	NA	NA	NA	NA	NA	NA	NA	NA	NA	NA	NA	NA	NA	NA	NA	NA	NA	NA	NA	NA	NA	NA	NA	NA	NA	NA	NA	NA	NA	NA	NA	NA	NA	NA	NA	NA	NA	NA	NA	NA	NA	NA	NA	NA	NA	NA	NA	NA	NA	NA	NA	NA	NA	NA	NA	NA
Villapol_625_3DPI	NA	NA	NA	NA	NA	NA	NA	NA	NA	NA	NA	NA	NA	NA	NA	NA	NA	NA	NA	NA	NA	NA	NA	NA	NA	NA	NA	NA	NA	NA	NA	NA	NA	NA	NA	NA	NA	0.000972378376735847	NA	NA	0.0223343158406515	NA	NA	NA	NA	NA	0.00425415539821933	NA	NA	NA	NA	NA	NA	NA	NA	NA	NA	0.792062961499894	0.00285636148166155	NA	NA	NA	NA	NA	NA	NA	NA	NA	NA	NA	NA	NA	NA	NA	NA	NA	NA	NA	NA	NA	NA	NA	NA	NA	NA	NA	NA	NA	NA	NA	0.0115469932237382	NA	NA	NA	NA	NA	NA	0.00385912668267039	NA	NA	NA	NA	NA	NA	NA	NA	NA	0.0154061199064086	NA	NA	NA	NA	NA	NA	NA	NA	NA	NA	NA	NA	0.000607736485459905	NA	NA	NA	NA	NA	NA	NA	NA	NA	NA	NA	NA	NA	NA	NA	NA	NA	NA	NA	NA	NA	NA	NA	NA	NA	NA	NA	NA	NA	NA	NA	NA	NA	NA	NA	NA	NA	NA	NA	NA	NA	NA	NA	NA	NA	NA	NA	NA	NA	NA	NA	NA	NA	NA	NA	NA	NA	NA	NA	NA	NA	NA	0.07669634446504	NA	0.0236409492843903	NA	NA	NA	NA	NA	NA	NA	NA	NA	NA	NA	NA	NA	NA	NA	NA	NA	NA	NA	NA	NA	0.00428454222249233	NA	NA	NA	NA	NA	NA	NA	NA	NA	NA	NA	NA	NA	NA	NA	NA	NA	NA	NA	NA	NA	NA	NA	NA	NA	NA	NA	NA	0.0414780151326385	NA	NA	NA	NA	NA	NA	NA	NA	NA	NA	NA	NA	NA	NA	NA	NA	NA	NA	NA	NA	NA	NA	NA	NA
Villapol_626_3DPI	NA	NA	NA	NA	NA	NA	NA	NA	NA	NA	NA	NA	NA	NA	NA	NA	NA	NA	NA	NA	NA	NA	NA	NA	NA	NA	NA	NA	NA	NA	NA	NA	NA	NA	NA	NA	NA	0.000674639681079424	NA	NA	0.11867525298988	NA	NA	NA	NA	NA	NA	NA	NA	NA	NA	NA	NA	NA	NA	NA	NA	0.743575590309721	0.00343452928549525	NA	NA	NA	NA	NA	NA	NA	NA	NA	NA	0.00144127568230604	NA	NA	NA	NA	NA	NA	NA	NA	NA	NA	NA	NA	NA	NA	NA	NA	NA	NA	NA	NA	0.0307267709291628	NA	NA	NA	NA	NA	NA	NA	NA	NA	NA	NA	NA	NA	NA	NA	NA	0.0295921496473474	NA	NA	NA	NA	NA	NA	NA	NA	NA	NA	NA	NA	NA	NA	NA	NA	NA	NA	NA	NA	NA	NA	NA	NA	NA	NA	NA	NA	NA	NA	NA	NA	NA	NA	NA	NA	NA	NA	NA	NA	NA	NA	NA	NA	NA	NA	NA	NA	NA	NA	NA	NA	NA	NA	NA	NA	NA	NA	NA	NA	NA	NA	NA	NA	NA	NA	NA	NA	NA	NA	NA	NA	NA	NA	NA	0.04360625574977	NA	0.0260962894817541	NA	NA	NA	NA	NA	NA	NA	NA	NA	NA	NA	NA	NA	NA	NA	NA	NA	NA	NA	NA	NA	0.00217724624348359	NA	NA	NA	NA	NA	NA	NA	NA	NA	NA	NA	NA	NA	NA	NA	NA	NA	NA	NA	NA	NA	NA	NA	NA	NA	NA	NA	NA	NA	NA	NA	NA	NA	NA	NA	NA	NA	NA	NA	NA	NA	NA	NA	NA	NA	NA	NA	NA	NA	NA	NA	NA	NA
Villapol_627_3DPI	NA	NA	NA	NA	NA	NA	NA	NA	NA	NA	NA	NA	NA	NA	NA	NA	NA	NA	NA	7.69734056883347e-05	NA	NA	NA	NA	NA	NA	0.0038871569872609	NA	NA	NA	NA	NA	NA	NA	NA	NA	NA	0.00119308778816919	NA	NA	0.125813031597583	NA	NA	NA	NA	NA	0.000615787245506677	NA	NA	NA	NA	NA	NA	NA	NA	NA	NA	0.719239502751799	0.00184736173652003	NA	NA	NA	NA	NA	NA	NA	NA	NA	NA	NA	NA	NA	NA	NA	0.0116999576646269	NA	NA	NA	NA	NA	NA	NA	NA	NA	NA	NA	NA	NA	NA	NA	0.0283646999961513	NA	NA	NA	NA	NA	NA	0.00169341492514336	NA	NA	0.00319439633606589	NA	NA	NA	NA	NA	NA	0.00985259592810684	NA	NA	NA	NA	NA	NA	NA	NA	NA	NA	NA	NA	0.00346380325597506	NA	NA	NA	NA	NA	NA	NA	NA	NA	NA	NA	NA	0.00611938575222261	NA	NA	0.031058769195243	NA	NA	NA	NA	NA	NA	NA	NA	NA	NA	NA	NA	NA	NA	NA	NA	NA	NA	NA	NA	NA	NA	NA	NA	NA	NA	NA	NA	NA	NA	NA	NA	NA	NA	NA	NA	NA	NA	NA	NA	NA	NA	NA	NA	NA	NA	0.0106223299849902	NA	0.0394488704152715	NA	NA	NA	NA	NA	NA	NA	NA	NA	NA	NA	NA	NA	NA	NA	NA	NA	NA	NA	NA	NA	0.000423353731285841	0.000269406919909171	NA	NA	NA	NA	NA	NA	NA	NA	NA	NA	NA	NA	NA	NA	NA	NA	NA	NA	NA	NA	NA	NA	NA	NA	NA	0.00111611438248085	NA	NA	NA	NA	NA	NA	NA	NA	NA	NA	NA	NA	NA	NA	NA	NA	NA	NA	NA	NA	NA	NA	NA	NA	NA	NA
Villapol_628_3DPI	NA	NA	NA	NA	NA	NA	NA	NA	NA	NA	NA	NA	NA	NA	NA	NA	NA	NA	NA	NA	NA	NA	NA	NA	0.00115106336329752	NA	NA	NA	NA	0.0129905722429292	NA	NA	NA	NA	NA	NA	NA	NA	NA	NA	0.171727691295768	NA	NA	NA	NA	NA	NA	NA	NA	NA	NA	NA	NA	NA	NA	NA	NA	0.555415479061609	0.000219250164437623	0.0904406928305196	NA	NA	NA	NA	NA	NA	NA	NA	NA	0.00219250164437623	NA	NA	0.00169918877439158	NA	0.000383687787765841	NA	NA	NA	NA	NA	NA	NA	NA	NA	NA	NA	NA	NA	NA	NA	0.000164437623328217	NA	NA	NA	NA	NA	NA	0.00274062705547029	0.00235693926770445	NA	NA	NA	NA	NA	NA	NA	NA	0.0193488270116203	NA	NA	NA	NA	NA	NA	0.0228568296426222	NA	NA	NA	NA	NA	NA	NA	NA	NA	NA	NA	NA	NA	NA	NA	NA	NA	NA	0.0019184389388292	NA	NA	NA	NA	NA	NA	0.0439596579697435	NA	0.00400131550098663	NA	NA	NA	NA	0.00509756632317474	NA	0.000274062705547029	NA	NA	NA	NA	NA	NA	NA	NA	NA	NA	NA	NA	0.0104143828107871	NA	NA	NA	NA	NA	NA	NA	NA	NA	NA	NA	NA	NA	NA	NA	NA	NA	NA	NA	NA	0.00104143828107871	NA	0.0439596579697435	NA	NA	NA	NA	NA	NA	NA	NA	NA	NA	NA	NA	NA	NA	NA	NA	NA	NA	NA	0.00197325147993861	NA	NA	NA	NA	NA	NA	NA	NA	NA	NA	NA	NA	NA	NA	NA	NA	NA	NA	NA	0.000109625082218812	NA	NA	NA	NA	NA	NA	NA	NA	0.000438500328875247	NA	NA	NA	NA	0.00312431484323613	NA	NA	NA	NA	NA	NA	NA	NA	NA	NA	NA	NA	NA	NA	NA	NA	NA	NA	NA	NA	NA
Villapol_629_3DPI	NA	NA	NA	NA	NA	NA	NA	NA	NA	NA	NA	NA	NA	NA	NA	NA	NA	NA	NA	0.00143734483209199	NA	NA	NA	NA	NA	NA	NA	NA	NA	NA	NA	NA	NA	NA	NA	NA	0.00548804390435124	NA	NA	NA	0.0307069123219652	0.00163334640010453	NA	NA	NA	NA	NA	NA	NA	NA	NA	NA	NA	NA	NA	NA	NA	0.533320266562132	NA	NA	NA	NA	NA	NA	NA	NA	NA	NA	NA	NA	NA	NA	0.00150267868809617	NA	0.0236508558735137	0.00307069123219652	NA	NA	NA	NA	0.00326669280020907	NA	NA	NA	NA	NA	NA	NA	NA	NA	NA	NA	NA	NA	NA	NA	NA	0.21828041290997	0.0105187508166732	0.00130667712008363	NA	NA	NA	NA	NA	NA	NA	NA	0.000849340128054358	NA	0.00359336208022998	NA	NA	NA	0.0780086240689925	NA	NA	NA	NA	NA	NA	NA	NA	NA	NA	NA	NA	NA	NA	NA	NA	NA	NA	NA	NA	NA	NA	NA	NA	NA	0.00960407683261466	NA	0.0209721677773422	NA	0.000784006272050176	NA	NA	0.0166601332810662	NA	NA	0.000196001568012544	NA	NA	NA	NA	NA	NA	NA	NA	NA	NA	NA	NA	NA	NA	NA	NA	NA	NA	NA	NA	NA	NA	NA	NA	NA	NA	NA	NA	NA	NA	NA	NA	NA	NA	0.0188161505292042	NA	NA	NA	0.00725205801646413	NA	NA	0.00313602508820071	NA	NA	NA	NA	NA	NA	NA	NA	NA	NA	NA	NA	0.000914673984058539	NA	NA	NA	NA	NA	NA	NA	NA	NA	NA	NA	NA	NA	NA	NA	NA	NA	NA	NA	0.00215601724813799	NA	NA	NA	NA	NA	NA	NA	NA	NA	NA	NA	NA	NA	0.00235201881615053	NA	NA	NA	NA	NA	NA	NA	NA	NA	NA	NA	NA	NA	NA	NA	NA	NA	NA	NA	NA	0.000522670848033451
Villapol_630_3DPI	NA	NA	NA	NA	NA	NA	NA	NA	NA	NA	NA	NA	NA	0.0144828761288124	NA	0.00289657522576248	NA	NA	NA	0.00187425455784631	NA	NA	NA	NA	NA	NA	NA	NA	NA	NA	NA	NA	NA	NA	NA	NA	NA	NA	NA	NA	0.106662123019254	NA	NA	NA	NA	NA	NA	NA	NA	NA	NA	NA	NA	NA	NA	NA	NA	0.550178906116885	NA	NA	NA	NA	NA	NA	NA	NA	NA	NA	NA	NA	NA	NA	0.000681547111944113	NA	NA	NA	NA	NA	NA	NA	NA	NA	NA	NA	NA	NA	NA	NA	NA	NA	0.00136309422388823	NA	NA	NA	NA	NA	NA	0.240074970182314	0.0308400068154711	NA	NA	NA	NA	NA	NA	NA	NA	NA	NA	NA	NA	NA	NA	0.000681547111944113	NA	NA	NA	NA	NA	NA	NA	NA	NA	NA	NA	NA	NA	NA	NA	NA	NA	NA	NA	NA	NA	NA	NA	NA	NA	NA	NA	NA	0.0066450843414551	NA	NA	NA	NA	0.000681547111944113	NA	NA	NA	NA	NA	NA	NA	NA	NA	NA	NA	NA	NA	NA	NA	NA	NA	NA	NA	NA	NA	NA	NA	NA	NA	NA	NA	NA	NA	NA	NA	NA	NA	NA	NA	NA	NA	0.0153348100187425	NA	NA	NA	NA	NA	NA	NA	NA	NA	NA	NA	NA	NA	NA	NA	NA	NA	NA	NA	NA	NA	NA	NA	NA	NA	NA	NA	NA	NA	NA	NA	0.00170386777986028	NA	NA	NA	NA	NA	NA	NA	0.0252172431419322	NA	NA	NA	NA	NA	NA	NA	NA	NA	NA	NA	NA	NA	NA	NA	NA	NA	NA	NA	NA	NA	NA	NA	NA	NA	NA	NA	NA	NA	NA	NA	NA	NA	NA	0.000681547111944113
Villapol_631_3DPI	NA	NA	NA	NA	NA	NA	NA	NA	NA	NA	NA	NA	NA	NA	NA	0.00727426815918641	NA	NA	NA	0.00194215897454006	NA	NA	NA	NA	0.000529679720329108	NA	NA	NA	NA	NA	NA	NA	NA	NA	NA	NA	NA	NA	NA	NA	0.111338677213178	NA	NA	NA	NA	NA	NA	NA	NA	0.000529679720329108	NA	NA	NA	NA	NA	NA	NA	0.573184081358805	0.000211871888131643	NA	0.00416681379992231	NA	NA	NA	NA	NA	NA	NA	NA	NA	NA	NA	0.000141247925421095	NA	NA	0.00112998340336876	NA	NA	NA	NA	NA	NA	NA	NA	NA	NA	NA	NA	NA	NA	0.000600303683039655	NA	NA	NA	NA	NA	NA	0.203714820438575	0.00911049118966065	0.000282495850842191	NA	NA	NA	NA	NA	NA	NA	NA	NA	0.000847487552526572	NA	NA	NA	NA	NA	NA	NA	NA	NA	NA	NA	NA	NA	NA	NA	NA	NA	NA	NA	NA	NA	NA	NA	NA	NA	NA	NA	NA	NA	NA	0.0104170344998058	NA	0.0403969066704333	NA	0.00144779123556623	NA	NA	0.00748614004731806	NA	NA	NA	NA	NA	NA	NA	NA	NA	NA	NA	NA	NA	NA	NA	NA	NA	NA	NA	NA	NA	NA	NA	NA	NA	NA	NA	NA	NA	NA	NA	NA	NA	NA	NA	NA	NA	0.019209717857269	NA	NA	NA	NA	NA	NA	0.000529679720329108	NA	NA	NA	NA	NA	NA	NA	NA	NA	NA	NA	NA	NA	NA	NA	NA	NA	NA	NA	NA	NA	NA	NA	NA	0.00497898937109361	NA	NA	NA	NA	NA	NA	NA	NA	NA	NA	NA	NA	NA	NA	NA	NA	NA	NA	NA	NA	NA	0.000105935944065822	NA	NA	NA	NA	NA	NA	NA	NA	NA	NA	NA	NA	NA	NA	NA	NA	NA	NA	NA	NA	0.000423743776263286
Villapol_632_3DPI	NA	NA	NA	NA	NA	NA	NA	NA	NA	NA	NA	NA	NA	0.00601773648648649	NA	0.0180004222972973	0.000316722972972973	NA	NA	0.00142525337837838	NA	NA	NA	NA	0.000791807432432432	NA	NA	NA	NA	NA	NA	NA	NA	NA	NA	NA	NA	NA	NA	NA	0.168285472972973	NA	NA	NA	NA	NA	NA	NA	NA	NA	NA	NA	NA	NA	NA	NA	NA	0.401868665540541	NA	NA	0.00311444256756757	NA	NA	NA	NA	NA	NA	NA	NA	NA	NA	NA	NA	NA	NA	0.00490920608108108	NA	NA	NA	NA	NA	NA	NA	NA	NA	NA	NA	NA	NA	NA	NA	NA	NA	NA	NA	NA	NA	0.261824324324324	0.0638196790540541	NA	NA	NA	NA	NA	NA	NA	NA	0.000211148648648649	NA	NA	NA	NA	NA	NA	NA	NA	NA	NA	NA	NA	NA	NA	NA	NA	NA	NA	NA	NA	NA	NA	NA	NA	NA	NA	0.000686233108108108	NA	NA	NA	NA	NA	NA	NA	0.0134607263513514	NA	0.00073902027027027	NA	NA	0.0104518581081081	NA	NA	NA	NA	0.000475084459459459	NA	NA	NA	NA	NA	NA	NA	NA	NA	NA	NA	NA	NA	NA	NA	NA	NA	NA	NA	NA	NA	NA	NA	NA	NA	NA	NA	NA	NA	NA	NA	NA	0.0302998310810811	NA	NA	NA	NA	NA	NA	0.00316722972972973	NA	NA	NA	NA	NA	NA	NA	NA	NA	NA	NA	NA	NA	NA	NA	NA	NA	NA	NA	NA	NA	NA	NA	NA	0.00190033783783784	NA	NA	NA	NA	NA	NA	NA	0.00707347972972973	NA	NA	NA	NA	NA	NA	NA	NA	NA	NA	NA	NA	NA	NA	NA	NA	NA	NA	NA	NA	NA	NA	NA	NA	NA	NA	NA	NA	NA	NA	NA	NA	NA	NA	0.00116131756756757
Villapol_633_3DPI	NA	NA	NA	NA	NA	NA	NA	NA	NA	NA	NA	NA	NA	NA	NA	NA	NA	NA	NA	NA	NA	NA	NA	NA	NA	NA	NA	NA	NA	0.000127681307456588	NA	NA	NA	NA	NA	NA	NA	NA	NA	NA	0.0731103166496425	NA	NA	NA	0.000306435137895812	NA	NA	NA	NA	NA	NA	NA	NA	NA	NA	NA	NA	0.780847803881512	NA	0.0015832482124617	NA	NA	NA	NA	NA	NA	NA	NA	NA	0.0240296220633299	NA	NA	NA	NA	NA	NA	NA	NA	NA	NA	NA	NA	NA	NA	NA	NA	NA	NA	NA	0.000536261491317671	0.0915730337078652	NA	NA	NA	NA	NA	NA	NA	NA	NA	NA	NA	NA	NA	NA	NA	NA	0.0191521961184883	NA	NA	NA	NA	NA	NA	0.000280898876404494	NA	NA	NA	NA	NA	NA	NA	NA	NA	NA	NA	NA	NA	NA	NA	NA	NA	NA	NA	NA	NA	NA	NA	NA	NA	0.000280898876404494	NA	NA	NA	NA	NA	NA	NA	NA	NA	NA	NA	NA	NA	NA	NA	NA	NA	NA	NA	NA	NA	NA	NA	NA	NA	NA	NA	NA	NA	NA	NA	NA	NA	NA	NA	NA	NA	NA	NA	NA	NA	NA	0.00720122574055158	NA	0.00076608784473953	NA	NA	NA	NA	NA	NA	NA	NA	NA	NA	NA	NA	NA	NA	NA	NA	NA	NA	NA	NA	NA	NA	NA	NA	NA	NA	NA	NA	NA	NA	NA	NA	NA	NA	NA	NA	NA	NA	NA	NA	NA	NA	NA	NA	NA	NA	NA	NA	NA	NA	NA	NA	NA	0.000204290091930541	NA	NA	NA	NA	NA	NA	NA	NA	NA	NA	NA	NA	NA	NA	NA	NA	NA	NA	NA	NA	NA
Villapol_634_3DPI	NA	NA	NA	NA	NA	NA	NA	NA	NA	NA	NA	NA	NA	NA	NA	NA	NA	NA	NA	NA	NA	NA	NA	NA	NA	NA	0.000364308204741211	NA	NA	NA	NA	NA	NA	NA	NA	NA	NA	NA	NA	NA	0.0734341252699784	NA	NA	NA	NA	NA	0.000104088058497489	NA	NA	NA	NA	NA	NA	NA	NA	NA	NA	0.777902105180983	NA	NA	NA	NA	NA	NA	NA	NA	NA	NA	NA	0.0362746883863749	NA	NA	NA	NA	NA	NA	NA	NA	NA	NA	NA	NA	NA	NA	NA	NA	NA	NA	NA	NA	0.0257878164927529	NA	NA	NA	NA	NA	NA	NA	NA	NA	NA	NA	NA	NA	NA	NA	NA	0.0228473288401988	NA	NA	NA	NA	NA	NA	NA	NA	NA	NA	NA	NA	NA	NA	NA	NA	NA	NA	NA	NA	NA	NA	NA	NA	NA	NA	NA	NA	NA	NA	NA	NA	NA	NA	NA	NA	NA	NA	NA	NA	NA	NA	NA	NA	NA	NA	NA	NA	NA	NA	NA	NA	NA	NA	NA	NA	NA	NA	NA	NA	NA	NA	NA	NA	NA	NA	NA	NA	NA	NA	NA	NA	NA	NA	NA	0.0268807411069765	NA	NA	NA	NA	NA	NA	NA	NA	NA	NA	NA	NA	NA	NA	NA	NA	NA	NA	NA	NA	NA	0.00182154102370606	0.00606312940747873	NA	0.000546462307111817	NA	NA	NA	NA	NA	NA	NA	NA	NA	NA	NA	NA	NA	NA	NA	NA	NA	NA	NA	NA	NA	NA	NA	NA	NA	NA	NA	NA	NA	NA	0.0279736657212001	NA	NA	NA	NA	NA	NA	NA	NA	NA	NA	NA	NA	NA	NA	NA	NA	NA	NA	NA	NA	NA
Villapol_635_3DPI	NA	NA	NA	NA	NA	NA	NA	NA	NA	NA	NA	NA	NA	NA	NA	0.000694372114015901	NA	NA	NA	NA	NA	NA	NA	NA	NA	NA	NA	NA	NA	NA	NA	NA	NA	NA	NA	NA	0.000347186057007951	NA	NA	NA	0.233447904732146	NA	NA	NA	NA	NA	NA	NA	NA	NA	NA	NA	NA	NA	NA	NA	NA	0.523556573967989	NA	NA	NA	NA	NA	NA	NA	NA	NA	NA	NA	0.00149290004513419	NA	NA	NA	NA	0.00541610248932403	NA	NA	NA	NA	NA	0.00232614658195327	NA	NA	NA	NA	NA	NA	NA	NA	NA	NA	NA	NA	NA	NA	NA	NA	0.0380515918480714	0.020831163420477	NA	NA	NA	NA	NA	NA	NA	NA	0.0049300420095129	0.000381904662708746	NA	NA	NA	NA	NA	0.0345102940665903	NA	NA	NA	NA	NA	NA	NA	NA	NA	NA	NA	NA	NA	NA	NA	NA	NA	NA	NA	NA	NA	NA	NA	NA	NA	0.000173593028503975	NA	NA	NA	NA	NA	NA	0.000243030239905565	NA	NA	0.0990521820643683	NA	NA	NA	NA	NA	NA	NA	NA	NA	NA	NA	0.000173593028503975	NA	NA	NA	NA	NA	NA	NA	NA	NA	NA	NA	NA	NA	NA	NA	NA	NA	NA	0.00947817935631705	NA	0.000381904662708746	NA	0.0239905565392494	NA	NA	NA	NA	NA	NA	NA	NA	NA	NA	NA	NA	NA	NA	NA	NA	NA	NA	NA	0.000520779085511926	NA	NA	NA	NA	NA	NA	NA	NA	NA	NA	NA	NA	NA	NA	NA	NA	NA	NA	NA	NA	NA	NA	NA	NA	NA	NA	NA	NA	NA	NA	NA	NA	NA	NA	NA	NA	NA	NA	NA	NA	NA	NA	NA	NA	NA	NA	NA	NA	NA	NA	NA	NA	NA	NA	NA
Villapol_636_3DPI	NA	NA	NA	NA	NA	NA	NA	NA	NA	NA	NA	NA	NA	0.0116042114796785	NA	0.000849088644854523	NA	NA	NA	0.00175478319936601	NA	NA	NA	NA	NA	NA	NA	NA	NA	NA	NA	NA	NA	NA	NA	0.000396241367598777	NA	NA	0.000396241367598777	NA	0.124249971697045	NA	NA	NA	NA	NA	NA	NA	NA	NA	NA	NA	NA	NA	NA	NA	NA	0.471527227442545	NA	NA	0.00130193592211027	NA	NA	NA	NA	NA	NA	NA	NA	NA	NA	0.000396241367598777	0.000169817728970905	NA	0.0292086493829956	NA	NA	NA	NA	NA	0.0010755122834824	NA	NA	NA	NA	NA	NA	NA	NA	NA	NA	NA	NA	NA	NA	NA	NA	0.223649949054681	0.0536624023548058	NA	0.000283029548284841	NA	NA	NA	NA	NA	NA	NA	0.000339635457941809	NA	0.00384920185667384	NA	NA	NA	0.00911355145477188	NA	NA	NA	NA	NA	NA	NA	NA	0.00175478319936601	0.000509453186912714	NA	NA	NA	NA	0.000792482735197555	NA	NA	NA	NA	NA	NA	NA	NA	NA	NA	0.000452847277255746	NA	0.00135854183176724	NA	0.00203781274765085	NA	NA	0.0014151477414242	NA	NA	0.00526434959809804	NA	NA	NA	NA	0.00390580776633081	NA	NA	NA	NA	NA	NA	0.000169817728970905	NA	0.000339635457941809	NA	NA	NA	NA	NA	NA	NA	NA	NA	NA	NA	NA	NA	NA	NA	NA	NA	NA	NA	NA	0.0350956639873203	NA	NA	NA	NA	NA	NA	0.000339635457941809	NA	NA	NA	NA	NA	NA	NA	NA	NA	NA	NA	NA	0.00226423638627873	NA	NA	NA	NA	NA	NA	NA	NA	NA	NA	NA	0.00062266500622665	NA	NA	NA	NA	NA	NA	NA	0.00147175365108117	NA	NA	NA	NA	NA	NA	NA	NA	NA	NA	NA	NA	NA	0.00741537416506283	NA	NA	NA	NA	NA	NA	NA	NA	NA	NA	NA	NA	NA	NA	NA	NA	NA	NA	NA	NA	0.000962300464168459
Villapol_637_3DPI	NA	NA	NA	NA	NA	0.000110969316983854	NA	NA	NA	NA	NA	NA	NA	0.00160905509626588	NA	NA	0.000110969316983854	NA	NA	0.00127614714531432	NA	NA	NA	NA	0.000388392609443489	NA	NA	NA	NA	NA	NA	NA	NA	NA	NA	0.000221938633967708	0.000221938633967708	NA	NA	NA	0.153637019364146	NA	NA	NA	NA	NA	NA	NA	NA	NA	NA	NA	NA	NA	NA	NA	NA	0.485879154413805	NA	NA	0.00110969316983854	NA	NA	NA	NA	NA	NA	NA	NA	0.00166453975475781	NA	NA	0.00127614714531432	NA	0.00382844143594296	0.000776785218886978	NA	NA	NA	NA	0.000221938633967708	NA	NA	NA	NA	NA	NA	NA	NA	NA	NA	NA	NA	NA	NA	NA	NA	0.204571935859735	0.0755146202075126	0.00210841702269323	0.000110969316983854	NA	NA	NA	NA	NA	NA	NA	NA	NA	0.00055484658491927	NA	NA	NA	0.00183099373023359	NA	NA	NA	NA	NA	NA	NA	NA	NA	0.00149808577928203	NA	NA	NA	NA	NA	NA	NA	NA	NA	NA	NA	NA	NA	NA	NA	NA	NA	0.00715752094545858	NA	0.00183099373023359	NA	NA	0.00238584031515286	NA	0.000443877267935416	0.000943239194362759	NA	NA	NA	NA	0.0014426011207901	NA	NA	NA	NA	NA	NA	0.000388392609443489	NA	NA	NA	NA	NA	NA	NA	NA	NA	NA	NA	NA	NA	NA	NA	NA	NA	NA	NA	NA	NA	NA	0.0431670643067192	NA	NA	NA	NA	NA	NA	0.00227487099816901	NA	NA	NA	NA	NA	NA	NA	NA	NA	NA	NA	NA	NA	NA	NA	NA	NA	NA	NA	NA	NA	NA	NA	NA	0.000277423292459635	NA	NA	NA	NA	NA	NA	NA	0.000499361926427343	NA	NA	NA	NA	NA	NA	NA	NA	NA	NA	NA	NA	NA	0.00055484658491927	NA	NA	0.000110969316983854	NA	NA	NA	NA	NA	NA	NA	NA	NA	NA	NA	NA	NA	NA	NA	NA	NA	NA
