feature	c__Bacilli_A Class	c__Chloroplast Class	d__Bacteria Kingdom	f__Coprobacillaceae Family	f__Mitochondria Family	f__Oscillospiraceae_88309 Family	f__Paenibacillaceae_367444 Family	f__Peptostreptococcaceae_256921 Family	f__Tissierellaceae Family	f__UBA1242 Family	g__Acidovorax_F_589733	g__Adlercreutzia_A_404257	g__Agrobacterium	g__Akkermansia	g__Alistipes_A_871400	g__Alkaliphilus_B	g__Anaerocolumna	g__Anaerosalibacter	g__Anaerosporobacter	g__Aneurinibacillus_B_362085	g__Arthrobacter_E_386002	g__Bacillus_A	g__Bacillus_P_294101	g__Bacteroides_H_857956	g__Borkfalkia	g__Brachybacterium	g__Brevibacillus_D_362672	g__Brevibacterium	g__Burkholderia	g__C-19	g__CAG-314	g__CAG-873	g__Caldibacillus_B	g__Cellulosimicrobium	g__Cerasibacillus	g__Clostridioides_A	g__Clostridium_F	g__Clostridium_G	g__Clostridium_J	g__Clostridium_T	g__Comamonas_F_589250	g__Corynebacterium	g__Curtobacterium	g__Dubosiella	g__Duncaniella	g__Dysosmobacter	g__Enterococcus_H_360604	g__Faecalibaculum	g__Glutamicibacter	g__Granulimonas	g__JC017	g__Jeotgalibaca	g__Klebsiella_724518	g__Kroppenstedtia_A	g__Kurthia	g__Lacrimispora	g__Lacticaseibacillus	g__Lactiplantibacillus	g__Lactobacillus	g__Lactococcus_A_346120	g__Laedolimicola	g__Latilactobacillus	g__Lawsonibacter	g__Lepagella	g__Ligilactobacillus	g__Limosilactobacillus	g__Lysinibacillus_304693	g__Mammaliicoccus_319278	g__Merdibacter	g__Methylobacterium	g__Microbacterium_A_383321	g__Novosphingobium	g__Oceanobacillus_287537	g__Paenibacillus_A	g__Paenibacillus_J_366884	g__Paenibacillus_L	g__Pandoraea	g__Pantoea_680069	g__Paraclostridium	g__Paramuribaculum	g__Parasutterella_564865	g__Plantibacter	g__Porcincola	g__Pseudomonas_E_647464	g__Romboutsia_B	g__Romboutsia_D_247318	g__Rudaeicoccus	g__Ruminiclostridium_D	g__Rummeliibacillus	g__Schaedlerella	g__Siminovitchia	g__Sporosarcina	g__Staphylococcus	g__Stenotrophomonas_A_615274	g__Streptococcus	g__Terrisporobacter	g__Thermoactinomyces_A	g__Tissierella_B_223997	g__Turicibacter	g__Ureibacillus	g__Vagococcus_B	g__Weissella	o__Lachnospirales Order
Villapol_527_1DPI	NA	NA	NA	NA	NA	NA	NA	NA	NA	-9.94166542982452	NA	NA	NA	-1.88068513920417	-6.35670292910337	NA	NA	NA	NA	NA	NA	NA	NA	-1.08925912414157	NA	NA	NA	NA	NA	-10.8676648483807	NA	NA	NA	NA	NA	NA	NA	NA	NA	NA	NA	NA	NA	NA	-3.53316807999033	-11.8676648483807	NA	NA	NA	NA	NA	NA	NA	NA	NA	NA	NA	NA	NA	NA	-5.24707843792887	NA	-9.66603098721109	NA	NA	NA	NA	NA	-5.97042442280595	NA	NA	NA	NA	NA	NA	NA	-7.15616994173066	NA	NA	NA	-4.89038492488083	NA	NA	NA	-9.43470544110464	NA	NA	NA	NA	NA	NA	NA	NA	NA	NA	NA	NA	NA	-3.78871350698592	NA	NA	NA	NA
Villapol_528_1DPI	NA	NA	-12.7746841239199	NA	NA	NA	NA	NA	NA	NA	NA	NA	NA	-11.7746841239199	NA	NA	NA	NA	NA	NA	NA	NA	NA	-5.90431940433645	NA	NA	NA	NA	NA	NA	NA	NA	NA	NA	NA	NA	NA	NA	NA	NA	NA	NA	NA	NA	NA	NA	-0.611663484339063	NA	NA	NA	NA	NA	NA	NA	NA	NA	NA	NA	NA	NA	NA	NA	NA	NA	NA	NA	NA	NA	NA	NA	NA	NA	NA	NA	NA	NA	-1.7881309741632	NA	NA	NA	NA	NA	NA	NA	NA	NA	NA	NA	NA	NA	NA	NA	-5.1934835419949	NA	NA	NA	NA	NA	-6.43483412103523	NA	NA	NA	NA
Villapol_529_1DPI	NA	NA	NA	NA	-9.89003037704639	NA	NA	NA	-12.5904700951875	NA	NA	NA	NA	-10.1310384765502	-11.5904700951875	NA	NA	NA	NA	NA	NA	NA	-12.5904700951875	-8.46118707824252	NA	NA	NA	NA	NA	NA	NA	NA	NA	NA	NA	NA	NA	NA	NA	-10.1310384765502	NA	NA	NA	NA	-11.2685420003001	NA	-0.196677455412904	NA	NA	NA	-7.54607597582903	NA	NA	NA	NA	NA	NA	NA	NA	NA	NA	NA	NA	NA	NA	NA	NA	NA	NA	NA	NA	NA	NA	NA	NA	NA	-3.40435585564584	NA	NA	NA	NA	NA	NA	NA	-10.5904700951875	NA	NA	NA	NA	NA	NA	NA	NA	NA	NA	NA	NA	NA	-5.6246858105254	NA	NA	NA	NA
Villapol_530_1DPI	NA	NA	NA	NA	NA	NA	NA	NA	NA	NA	NA	NA	NA	NA	NA	NA	NA	NA	NA	NA	NA	NA	NA	-0.06344031559839	NA	NA	NA	NA	NA	NA	NA	NA	NA	NA	NA	NA	NA	NA	NA	NA	-11.9770243213801	NA	NA	NA	NA	NA	-5.12974321490978	NA	NA	NA	NA	NA	NA	NA	NA	NA	NA	NA	-10.8774886478292	NA	NA	NA	NA	NA	NA	-9.73998512407929	NA	NA	NA	NA	NA	NA	NA	NA	NA	NA	NA	NA	-7.08393952529665	NA	NA	NA	NA	-10.6969164021874	NA	NA	NA	NA	NA	NA	NA	NA	NA	NA	NA	NA	NA	NA	-7.78437924343774	NA	NA	NA	NA
Villapol_531_1DPI	NA	-7.40962885412866	NA	NA	NA	NA	NA	NA	NA	NA	NA	NA	NA	-9.15109584052981	-12.5661333398086	NA	NA	NA	NA	NA	NA	NA	NA	-1.76092688432962	NA	-13.1510958405298	NA	NA	NA	NA	NA	NA	NA	NA	NA	NA	NA	NA	NA	-9.98117083908749	NA	NA	NA	NA	-9.82916774564244	NA	-3.65724039128898	-10.9811708390875	NA	NA	-9.82916774564244	NA	NA	NA	NA	NA	NA	NA	-8.3437409184722	NA	NA	NA	NA	NA	NA	-6.20858133519056	NA	NA	NA	NA	NA	NA	NA	NA	NA	NA	-2.58313976511434	NA	NA	NA	NA	NA	NA	NA	-6.38954460808533	-12.1510958405298	NA	NA	NA	NA	NA	NA	-8.98117083908749	NA	NA	NA	NA	NA	-1.26635293695011	NA	NA	NA	NA
Villapol_532_1DPI	NA	-7.50832893872004	NA	NA	-10.5246307510491	NA	NA	NA	-10.8141373682441	NA	NA	NA	NA	NA	NA	-11.6621342747991	-11.3990998689653	NA	NA	NA	NA	NA	NA	-4.14801201462837	NA	-11.3990998689653	NA	NA	-10.5246307510491	NA	NA	NA	NA	-11.6621342747991	NA	NA	NA	NA	-11.6621342747991	NA	NA	-11.9840623696864	NA	-8.66213427479907	NA	NA	-0.160197597117807	NA	NA	NA	-7.68028162150933	NA	NA	NA	NA	NA	NA	NA	-8.07717177407792	NA	NA	-10.5246307510491	NA	NA	-12.3990998689653	NA	NA	NA	NA	NA	NA	NA	NA	-11.3990998689653	NA	NA	-7.17670744762883	NA	NA	NA	NA	NA	NA	NA	-8.73613485624285	NA	NA	NA	NA	NA	NA	NA	-10.5246307510491	NA	NA	-12.9840623696864	NA	NA	-5.92877993418525	NA	NA	NA	NA
Villapol_533_1DPI	NA	-13.9064443806828	NA	NA	NA	NA	NA	NA	NA	NA	-13.5845162857954	NA	NA	NA	NA	NA	NA	NA	NA	NA	NA	NA	NA	-0.0150641189958536	NA	NA	NA	NA	NA	NA	NA	NA	NA	NA	NA	NA	NA	NA	NA	NA	-10.9995537850743	NA	NA	NA	NA	NA	-7.61642553375016	NA	NA	NA	NA	NA	NA	NA	NA	NA	NA	NA	-8.80841229772226	NA	NA	NA	NA	NA	NA	NA	NA	NA	NA	-14.9064443806828	-10.3214818799616	-13.0990894586252	NA	NA	NA	NA	-10.1250846671581	NA	NA	NA	NA	NA	NA	NA	NA	NA	NA	NA	NA	NA	NA	NA	NA	-13.9064443806828	NA	NA	NA	NA	-10.9995537850743	NA	NA	NA	NA
Villapol_534_1DPI	NA	-5.0227257574642	NA	NA	NA	NA	-12.9769220678511	NA	-9.65499397296372	NA	NA	NA	NA	NA	NA	NA	-10.0700314722426	NA	-9.58460464507232	-11.9769220678511	-10.3919595671299	-11.6549939729637	-9.51749044921378	-0.358651288270828	NA	-9.97692206785108	NA	-10.0700314722426	NA	NA	NA	NA	NA	-10.8069970664088	NA	-11.1695671457935	NA	NA	-12.3919595671299	-10.0700314722426	NA	-9.27648234970999	NA	-7.29042154066786	NA	NA	-3.61059985360526	NA	NA	NA	NA	NA	NA	NA	-8.97692206785108	NA	-10.1695671457935	-10.9769220678511	-6.738517328526	NA	NA	-9.51749044921378	NA	NA	-11.1695671457935	NA	-9.22203456568761	-10.3919595671299	NA	-10.3919595671299	-8.51749044921378	NA	-8.24900161328788	-11.9769220678511	-12.3919595671299	NA	NA	NA	NA	NA	NA	NA	NA	NA	-8.07003147224256	NA	NA	-11.9769220678511	NA	NA	NA	-9.72899455440749	-8.65499397296372	NA	NA	NA	NA	NA	-4.19556235432642	NA	-11.6549939729637	-9.39195956712992	-12.3919595671299
Villapol_535_1DPI	NA	-8.48392771387764	NA	NA	NA	NA	NA	-11.0688902145988	NA	NA	NA	NA	NA	NA	NA	NA	NA	NA	NA	NA	NA	NA	NA	-0.265342055222229	NA	NA	NA	NA	NA	NA	NA	NA	NA	NA	NA	NA	NA	NA	NA	-10.9168871211537	-9.95341299717886	NA	NA	-8.30807787847822	NA	NA	-7.69965640493308	NA	NA	NA	NA	NA	NA	NA	NA	NA	NA	NA	-8.27303093137902	NA	NA	NA	NA	NA	NA	NA	NA	NA	NA	NA	NA	NA	NA	NA	NA	NA	NA	NA	NA	NA	-12.2388152160411	NA	NA	NA	-6.78760410420878	NA	NA	NA	NA	NA	NA	NA	NA	NA	NA	NA	NA	NA	-2.80836266437558	NA	NA	NA	NA
Villapol_536_1DPI	NA	NA	NA	NA	NA	NA	NA	NA	NA	NA	NA	NA	NA	NA	NA	NA	NA	NA	NA	NA	NA	NA	NA	-0.13397416532701	NA	NA	NA	NA	NA	NA	NA	NA	NA	NA	NA	NA	NA	NA	NA	NA	NA	NA	NA	-14.6834881221006	NA	NA	NA	NA	NA	NA	NA	NA	NA	NA	NA	NA	NA	NA	NA	NA	NA	NA	NA	NA	NA	NA	NA	NA	NA	NA	NA	NA	NA	NA	NA	NA	NA	NA	NA	NA	-3.4958267563615	NA	NA	NA	NA	NA	NA	NA	NA	NA	NA	NA	NA	NA	NA	NA	NA	NA	NA	NA	NA	NA	NA
Villapol_537_1DPI	NA	NA	NA	NA	NA	NA	NA	NA	NA	-9.52990089338154	NA	NA	NA	-14.9049403247285	NA	NA	NA	NA	NA	NA	NA	NA	NA	-0.19034598324783	NA	NA	NA	NA	NA	NA	NA	NA	NA	NA	NA	NA	NA	NA	NA	NA	NA	NA	NA	NA	NA	NA	-4.47083339611851	NA	NA	NA	NA	NA	-4.59205736944411	NA	NA	NA	NA	NA	NA	NA	NA	NA	NA	NA	NA	NA	NA	NA	NA	NA	NA	NA	NA	NA	NA	NA	NA	NA	NA	NA	NA	NA	NA	NA	NA	NA	NA	NA	NA	NA	NA	NA	-14.9049403247285	-4.81416627008771	NA	NA	NA	NA	-13.5830122298411	NA	NA	NA	NA
Villapol_538_1DPI	NA	NA	NA	NA	NA	NA	NA	NA	NA	NA	NA	NA	NA	NA	NA	NA	NA	NA	NA	NA	NA	NA	NA	-0.660988389017884	NA	NA	NA	NA	NA	NA	NA	NA	NA	NA	NA	NA	NA	NA	NA	NA	NA	NA	NA	NA	NA	NA	-12.6437273719666	NA	NA	NA	NA	NA	-1.44475621549929	NA	NA	NA	NA	NA	-14.4510822940242	NA	NA	NA	NA	NA	NA	NA	NA	NA	NA	NA	NA	NA	NA	NA	NA	NA	NA	NA	NA	NA	NA	NA	NA	NA	NA	NA	NA	NA	NA	NA	NA	NA	NA	NA	NA	NA	NA	NA	NA	NA	NA	NA	NA
Villapol_539_1DPI	NA	NA	NA	NA	NA	NA	NA	NA	NA	NA	NA	NA	NA	NA	NA	NA	NA	NA	NA	NA	NA	NA	NA	-0.678352906012405	NA	NA	NA	NA	NA	NA	NA	NA	NA	NA	NA	NA	NA	NA	NA	NA	NA	NA	NA	NA	NA	NA	-12.7590039079622	NA	NA	NA	NA	NA	-1.51270865444588	NA	NA	NA	NA	NA	NA	NA	NA	NA	NA	NA	NA	NA	NA	NA	NA	NA	NA	NA	NA	NA	NA	NA	NA	NA	NA	NA	NA	NA	NA	NA	NA	NA	NA	NA	NA	NA	NA	NA	NA	-5.34961297182452	NA	NA	NA	NA	NA	NA	NA	NA	NA
Villapol_540_1DPI	NA	NA	NA	NA	NA	NA	NA	NA	NA	NA	NA	NA	NA	NA	NA	NA	NA	NA	NA	NA	NA	NA	NA	-8.65811991504265	NA	NA	NA	NA	NA	NA	NA	NA	NA	NA	NA	NA	NA	NA	NA	NA	NA	NA	NA	NA	NA	NA	-1.14525285895521	NA	NA	NA	NA	NA	NA	NA	NA	NA	NA	NA	-12.9435221339049	NA	NA	NA	NA	NA	NA	NA	NA	NA	NA	NA	NA	NA	NA	NA	NA	NA	NA	NA	-12.3585596331837	NA	-11.9435221339049	NA	NA	NA	NA	NA	NA	NA	NA	NA	NA	NA	NA	-0.876760201517994	NA	NA	NA	NA	-11.9435221339049	NA	NA	NA	NA
Villapol_541_1DPI	-13.9440714530031	-11.359108952282	NA	NA	-13.359108952282	NA	NA	NA	NA	NA	NA	NA	NA	NA	NA	NA	NA	NA	NA	NA	NA	NA	NA	-1.44759212603227	NA	NA	NA	NA	NA	NA	NA	NA	NA	NA	NA	NA	NA	NA	NA	NA	NA	NA	NA	NA	NA	NA	-3.46126349627646	-8.55175403022437	NA	NA	-11.6221433581158	NA	-13.9440714530031	NA	NA	NA	NA	NA	-11.4846398343658	NA	NA	NA	NA	NA	NA	NA	NA	NA	NA	NA	-10.6961439395595	NA	NA	NA	NA	NA	-5.42443520015992	NA	-13.359108952282	NA	NA	NA	NA	NA	NA	NA	NA	NA	NA	NA	NA	NA	-10.5517540302244	-0.960187160838478	NA	NA	NA	NA	NA	NA	NA	NA	NA
Villapol_542_1DPI	NA	-10.097144719786	NA	NA	NA	NA	NA	NA	NA	NA	NA	NA	NA	NA	NA	NA	NA	NA	NA	NA	NA	NA	NA	-0.0601051527583571	NA	NA	NA	NA	NA	NA	NA	NA	NA	NA	NA	NA	NA	NA	NA	NA	NA	NA	NA	NA	NA	NA	-5.49142365889805	-10.4112533102141	NA	NA	NA	NA	NA	NA	NA	NA	NA	NA	-13.2987785809557	NA	NA	NA	NA	NA	NA	NA	NA	-10.9768504860683	NA	NA	NA	NA	NA	NA	NA	NA	NA	NA	NA	NA	-10.9768504860683	NA	NA	NA	NA	NA	NA	NA	NA	NA	NA	NA	-10.1612750572057	-6.23053771964283	NA	NA	NA	NA	-9.24566724449609	NA	NA	NA	NA
Villapol_543_1DPI	NA	NA	NA	NA	NA	NA	NA	NA	NA	NA	NA	NA	NA	NA	NA	NA	NA	NA	NA	NA	NA	NA	NA	-0.192816951430617	NA	NA	NA	NA	NA	NA	NA	NA	NA	NA	NA	NA	NA	NA	NA	NA	NA	NA	NA	NA	NA	NA	-3.7951602482642	NA	NA	NA	NA	NA	NA	NA	NA	NA	NA	NA	NA	NA	NA	NA	NA	NA	NA	NA	NA	NA	NA	NA	NA	NA	NA	NA	NA	NA	NA	NA	NA	NA	-4.2359775612556	NA	NA	NA	NA	NA	NA	NA	NA	NA	NA	NA	NA	NA	NA	NA	NA	NA	NA	NA	NA	NA	NA
Villapol_544_1DPI	NA	-4.24597087429979	NA	NA	NA	NA	NA	NA	NA	NA	NA	NA	NA	NA	NA	NA	NA	NA	NA	NA	-13.1101570189541	NA	NA	-5.34860578650959	NA	NA	NA	NA	NA	NA	NA	NA	NA	NA	NA	NA	NA	NA	NA	NA	NA	NA	-9.7882289240667	-10.7882289240667	NA	NA	-2.81094900056679	-5.47353239841042	NA	NA	NA	NA	NA	NA	NA	NA	NA	NA	-7.40971730081297	NA	NA	NA	NA	NA	-10.1101570189541	NA	NA	-7.75260501433598	NA	NA	NA	NA	NA	NA	-11.1101570189541	NA	-8.52519451823291	NA	NA	NA	-10.3028020968965	NA	NA	NA	-7.58659506289705	NA	NA	NA	NA	NA	NA	NA	-6.70076608281636	-0.902837592496262	NA	NA	NA	NA	-2.39591150128794	NA	NA	NA	NA
Villapol_545_1DPI	NA	NA	NA	NA	NA	NA	NA	NA	NA	NA	NA	NA	NA	NA	NA	NA	NA	NA	NA	NA	NA	NA	NA	-0.186988675415333	NA	NA	NA	NA	NA	NA	NA	NA	NA	NA	NA	NA	NA	NA	NA	NA	NA	NA	NA	NA	NA	NA	-3.82191174042005	NA	NA	NA	NA	NA	NA	NA	NA	NA	NA	NA	NA	NA	NA	NA	NA	NA	NA	NA	NA	NA	NA	NA	NA	NA	NA	NA	NA	NA	NA	NA	NA	NA	-4.2975755986504	NA	NA	NA	NA	NA	NA	NA	NA	NA	NA	NA	NA	NA	NA	NA	NA	NA	NA	NA	NA	NA	NA
Villapol_546_1DPI	NA	NA	NA	NA	NA	NA	NA	NA	NA	NA	NA	NA	NA	NA	NA	NA	NA	NA	NA	NA	NA	NA	NA	-7.35708066400701	NA	NA	NA	NA	NA	NA	NA	NA	NA	NA	NA	NA	NA	NA	NA	NA	NA	NA	NA	NA	NA	NA	-0.0188218105512271	-11.1644355860646	NA	NA	NA	NA	NA	NA	NA	NA	NA	NA	NA	NA	NA	NA	NA	NA	NA	NA	NA	NA	NA	NA	NA	NA	NA	NA	NA	NA	-7.84250749117725	NA	NA	NA	NA	NA	NA	NA	-10.5794730853435	NA	NA	NA	NA	NA	NA	NA	NA	NA	NA	NA	NA	NA	-9.46399586792352	NA	NA	NA	NA
Villapol_547_1DPI	NA	-9.17762716482141	NA	NA	NA	NA	NA	NA	NA	NA	NA	NA	NA	NA	NA	NA	NA	NA	NA	NA	NA	NA	NA	-2.34157680976334	NA	NA	NA	NA	NA	NA	NA	NA	NA	NA	NA	NA	NA	NA	NA	NA	NA	NA	NA	-11.7625896655426	NA	NA	-0.410270310695728	-6.09016432357107	NA	NA	NA	NA	NA	NA	NA	NA	NA	NA	-11.1776271648214	NA	NA	NA	NA	NA	NA	NA	NA	NA	NA	NA	NA	NA	NA	NA	NA	NA	-5.68577406849174	NA	NA	NA	NA	NA	NA	NA	-7.76258966554257	-10.7625896655426	NA	NA	NA	NA	NA	NA	NA	NA	NA	NA	NA	NA	-6.87994661618073	NA	NA	NA	NA
Villapol_548_1DPI	NA	-6.51716890996384	NA	NA	NA	NA	NA	NA	NA	NA	-10.8148494586045	NA	NA	-11.3998119593257	NA	NA	NA	NA	NA	-8.94038034068839	NA	NA	-10.8148494586045	-3.35268804721166	NA	NA	NA	NA	NA	NA	NA	NA	NA	NA	NA	NA	NA	NA	NA	NA	-7.44561564893881	NA	NA	-6.29128750254752	NA	NA	-1.18427895958003	-1.87821151960196	NA	NA	-9.81484945860453	NA	-9.07788386443832	NA	NA	NA	NA	NA	-5.72738661735419	-11.3998119593257	NA	NA	NA	NA	NA	-10.8148494586045	NA	NA	NA	NA	NA	-9.59245703726808	NA	NA	NA	NA	-4.45144472774101	NA	NA	NA	-5.45729745398644	NA	NA	NA	-9.59245703726808	NA	NA	NA	NA	NA	NA	NA	-4.28087088660218	-10.8148494586045	NA	NA	NA	NA	-6.4690746217628	NA	NA	NA	NA
Villapol_549_1DPI	NA	-9.43696386080182	NA	NA	NA	NA	NA	NA	NA	NA	NA	NA	NA	NA	NA	NA	NA	NA	NA	NA	NA	NA	NA	-0.40571170700675	NA	NA	NA	NA	NA	NA	NA	NA	NA	NA	NA	NA	NA	NA	NA	NA	NA	NA	NA	-11.6740030581027	NA	NA	-2.32243277635331	-6.32148664338189	NA	NA	NA	NA	NA	NA	NA	NA	NA	NA	NA	NA	NA	NA	NA	NA	NA	NA	NA	NA	NA	NA	NA	NA	NA	NA	NA	NA	NA	NA	NA	NA	NA	NA	NA	NA	-10.6740030581027	NA	NA	NA	NA	NA	NA	NA	NA	NA	NA	NA	NA	NA	-5.04256612758202	NA	NA	NA	NA
Villapol_550_1DPI	NA	-4.62315491237147	NA	NA	NA	NA	NA	NA	NA	NA	NA	NA	NA	NA	NA	NA	NA	NA	NA	-8.49105137636412	NA	NA	NA	-4.84719518658939	NA	NA	NA	-9.81297947125148	NA	NA	NA	NA	NA	NA	NA	NA	NA	-9.81297947125148	NA	-10.2280169705303	NA	NA	NA	NA	NA	NA	-0.654369783037004	-5.05809196908801	NA	NA	NA	-10.8129794712515	NA	NA	NA	NA	-9.22801697053033	NA	-6.28941751519447	NA	NA	NA	NA	NA	-9.00562454919388	NA	NA	NA	NA	NA	NA	NA	NA	NA	NA	NA	NA	NA	NA	NA	NA	NA	NA	NA	-8.35354785261418	NA	-9.22801697053033	NA	NA	NA	NA	NA	-6.76858535189303	NA	NA	NA	NA	-8.35354785261418	-2.192759645744	NA	NA	NA	NA
Villapol_551_1DPI	NA	-2.22460209406263	NA	NA	NA	NA	NA	NA	-8.50382573799575	NA	NA	NA	NA	NA	NA	NA	NA	NA	NA	NA	NA	NA	NA	NA	NA	NA	NA	NA	NA	NA	NA	NA	NA	NA	NA	NA	NA	NA	NA	NA	NA	NA	-6.38834852057582	NA	NA	NA	-2.27500704749987	-2.07197995103035	NA	NA	NA	NA	NA	NA	NA	NA	NA	NA	-3.53419938703927	NA	NA	-8.08878823871691	NA	NA	NA	NA	NA	NA	NA	NA	NA	NA	NA	NA	NA	NA	NA	NA	NA	NA	NA	NA	NA	NA	NA	NA	NA	NA	NA	NA	NA	NA	-2.5889423516337	NA	NA	NA	NA	NA	-3.82200169802201	NA	NA	NA	NA
Villapol_552_1DPI	NA	NA	NA	NA	NA	NA	NA	NA	NA	NA	NA	NA	NA	NA	NA	NA	NA	NA	NA	NA	NA	NA	NA	-0.440699470319736	NA	NA	NA	NA	NA	NA	NA	NA	NA	NA	NA	NA	NA	NA	NA	NA	NA	NA	NA	NA	NA	NA	-1.92715987010079	NA	NA	NA	NA	NA	NA	NA	NA	NA	NA	NA	NA	NA	NA	NA	NA	NA	NA	NA	NA	NA	NA	NA	NA	NA	NA	NA	NA	NA	-12.2804445612439	NA	NA	NA	NA	NA	NA	NA	NA	NA	NA	NA	NA	NA	NA	NA	NA	NA	NA	NA	NA	NA	-13.6954820605227	NA	NA	NA	NA
Villapol_553_1DPI	NA	NA	NA	NA	NA	NA	NA	NA	NA	NA	NA	NA	NA	NA	NA	NA	NA	NA	NA	NA	NA	NA	NA	-0.353842086854615	NA	NA	NA	NA	NA	NA	NA	NA	NA	NA	NA	NA	NA	NA	NA	NA	NA	NA	NA	NA	NA	NA	-2.20089562651576	NA	NA	NA	NA	NA	NA	NA	NA	NA	NA	NA	NA	NA	NA	NA	NA	NA	NA	NA	NA	NA	NA	NA	NA	NA	NA	NA	NA	NA	NA	NA	NA	NA	NA	NA	NA	NA	NA	NA	NA	NA	NA	NA	NA	NA	NA	NA	NA	NA	NA	NA	NA	NA	NA	NA	NA
Villapol_554_1DPI	NA	-3.21272932398573	NA	NA	NA	NA	NA	NA	-7.46876948321663	NA	NA	NA	NA	NA	NA	-9.10619940383192	NA	-9.10619940383192	-9.46876948321663	-8.10619940383192	-9.27612440527424	NA	-7.63226821549951	-9.10619940383192	NA	-7.46876948321663	-9.46876948321663	-8.95419631038687	NA	NA	NA	NA	NA	NA	NA	NA	NA	NA	-10.6911619045531	-8.81669278663694	NA	NA	NA	NA	NA	NA	-3.06911008509671	-5.01873656258159	NA	NA	NA	-9.10619940383192	NA	NA	-8.27612440527424	NA	NA	-10.2761244052742	-4.96324144998988	NA	NA	NA	NA	NA	-10.2761244052742	NA	NA	NA	NA	NA	-8.57568468713315	NA	-9.95419631038687	NA	-9.69116190455308	NA	-4.00933786457934	NA	NA	NA	NA	NA	NA	NA	NA	NA	-8.69116190455308	-11.2761244052742	-9.46876948321663	-11.2761244052742	NA	NA	-5.11625306849585	NA	NA	-9.95419631038687	NA	NA	-0.870451072992371	NA	-9.95419631038687	-8.10619940383192	-8.69116190455308
Villapol_555_1DPI	-14.5665892396516	NA	NA	NA	NA	NA	NA	NA	NA	NA	NA	NA	NA	-11.8661495215105	NA	NA	NA	NA	NA	NA	NA	NA	NA	-0.273764362031352	-7.44764816692805	NA	NA	NA	NA	NA	NA	NA	NA	NA	NA	NA	NA	NA	NA	NA	NA	NA	NA	-4.218414372116	NA	NA	-4.62260932530782	NA	NA	NA	NA	NA	NA	NA	NA	NA	NA	NA	NA	NA	NA	NA	NA	NA	NA	-10.6123929292647	NA	NA	NA	NA	NA	NA	NA	NA	NA	NA	NA	NA	NA	NA	-3.81504518056246	NA	NA	NA	-10.2811870207893	NA	NA	NA	NA	NA	NA	NA	NA	NA	NA	NA	NA	NA	NA	NA	NA	NA	NA
Villapol_556_1DPI	NA	NA	NA	NA	NA	NA	NA	NA	NA	NA	NA	NA	NA	-13.0566135248527	NA	NA	NA	NA	NA	NA	NA	NA	NA	-0.198327188628053	-6.14457962596823	NA	NA	NA	NA	NA	NA	NA	NA	NA	NA	NA	NA	NA	NA	NA	NA	NA	NA	-9.19154310493881	NA	NA	-5.37311757017001	NA	NA	NA	NA	NA	NA	NA	NA	NA	NA	NA	NA	NA	NA	NA	NA	NA	-6.64964932610954	-9.26405560472318	NA	NA	NA	NA	NA	NA	NA	NA	NA	NA	NA	NA	NA	NA	-3.72345817454209	NA	NA	NA	-9.88668852341039	NA	NA	NA	NA	NA	NA	NA	NA	NA	NA	NA	NA	NA	NA	NA	NA	NA	NA
Villapol_557_1DPI	NA	NA	NA	NA	NA	NA	NA	NA	NA	NA	NA	NA	NA	-6.39312137656991	NA	NA	NA	NA	NA	NA	NA	NA	NA	-0.258986993854165	-8.97326686099329	NA	NA	NA	NA	NA	NA	NA	NA	NA	NA	NA	NA	NA	NA	NA	NA	NA	NA	NA	NA	NA	-12.8097681287104	NA	NA	NA	NA	NA	NA	NA	NA	NA	NA	NA	NA	NA	NA	NA	NA	NA	-3.45914460082259	-9.24208361942109	NA	NA	NA	NA	NA	NA	NA	NA	NA	NA	NA	NA	NA	NA	-4.11478847057002	NA	NA	NA	NA	NA	NA	NA	NA	NA	NA	NA	NA	NA	NA	NA	NA	NA	NA	NA	NA	NA	NA
Villapol_558_1DPI	NA	NA	-14.7080600322024	NA	NA	-11.0076203140613	NA	NA	NA	-9.80116943659384	NA	NA	NA	-2.51885319760533	-6.38163054508005	NA	NA	NA	NA	NA	NA	NA	NA	-0.7041908002233	NA	NA	NA	NA	NA	-10.4601325187588	-12.7080600322024	NA	NA	NA	NA	NA	NA	NA	NA	NA	NA	NA	NA	NA	-3.55071309683951	NA	-8.42265781334011	NA	NA	NA	NA	NA	NA	NA	NA	NA	NA	NA	NA	NA	-5.00415645875769	NA	-8.73078010870244	-10.0642038424276	NA	NA	NA	NA	-5.37266967750843	NA	NA	NA	NA	NA	NA	NA	NA	NA	NA	NA	-4.31038539925409	NA	NA	NA	NA	NA	NA	NA	NA	NA	NA	NA	NA	NA	NA	NA	NA	NA	NA	NA	NA	NA	NA
Villapol_559_1DPI	NA	NA	NA	NA	NA	-12.0825648875046	NA	NA	NA	-7.93281776799996	NA	NA	NA	-2.17379700465546	NA	NA	NA	NA	NA	NA	NA	NA	NA	-0.697781137411292	-10.7606367926173	NA	NA	NA	NA	NA	-7.1999218381428	NA	NA	NA	NA	NA	NA	NA	NA	NA	NA	NA	NA	NA	-4.3377310500051	NA	NA	NA	NA	NA	NA	NA	NA	NA	NA	NA	NA	NA	NA	NA	-5.06297415914676	NA	-7.81577834680974	-10.4976023867835	NA	NA	NA	NA	-5.69454760215951	NA	NA	NA	NA	NA	NA	NA	NA	NA	NA	NA	-4.43151319632572	NA	NA	NA	NA	NA	NA	NA	NA	NA	NA	NA	NA	NA	NA	NA	NA	NA	NA	NA	NA	NA	NA
Villapol_560_1DPI	NA	-5.49353947295756	NA	NA	NA	NA	NA	NA	NA	NA	NA	-12.4419067045422	NA	NA	NA	NA	NA	NA	NA	-10.4419067045422	NA	NA	NA	-1.14269868615496	NA	NA	-11.8569442038211	NA	NA	NA	NA	NA	NA	NA	NA	NA	NA	NA	NA	NA	NA	NA	-11.8569442038211	-7.53501610893372	NA	NA	-4.10875135423162	-5.25208214566222	NA	NA	NA	NA	NA	NA	NA	NA	NA	NA	-5.72080751583505	NA	NA	NA	NA	NA	-11.4419067045422	-9.98247508590494	NA	NA	NA	NA	NA	NA	NA	NA	NA	-11.8569442038211	-2.25208214566222	NA	NA	NA	-11.1199786096549	-11.8569442038211	NA	NA	-8.79805051476751	NA	NA	NA	NA	NA	NA	NA	-5.11098982642762	NA	NA	NA	NA	NA	-2.54633142216155	NA	NA	NA	NA
Villapol_561_1DPI	NA	NA	NA	NA	NA	NA	NA	NA	NA	NA	NA	NA	NA	-5.77832081367794	NA	NA	NA	NA	NA	NA	NA	NA	NA	-0.234672013293958	NA	NA	NA	NA	NA	NA	NA	NA	NA	NA	NA	NA	NA	NA	NA	NA	NA	NA	NA	NA	NA	NA	-3.80614449590226	NA	NA	NA	NA	NA	NA	NA	NA	NA	NA	NA	NA	NA	NA	NA	NA	NA	NA	NA	NA	NA	NA	NA	NA	NA	NA	NA	NA	NA	NA	NA	NA	NA	-4.04899413409969	NA	NA	NA	NA	NA	NA	NA	NA	NA	NA	NA	NA	NA	NA	NA	NA	NA	NA	NA	NA	NA	NA
Villapol_562_1DPI	NA	NA	NA	NA	NA	NA	NA	NA	NA	NA	NA	NA	NA	-5.49045989160803	NA	NA	NA	NA	NA	NA	NA	NA	NA	-0.258170378610505	-8.01544673177187	NA	NA	NA	NA	NA	NA	NA	NA	NA	NA	NA	NA	NA	NA	-6.67721682455541	NA	NA	NA	NA	NA	NA	-3.63528086738799	NA	NA	NA	NA	NA	NA	NA	NA	NA	NA	NA	-10.889915849688	NA	NA	NA	NA	NA	NA	NA	NA	NA	NA	NA	NA	NA	NA	NA	NA	NA	NA	NA	NA	NA	-4.41215758324412	NA	NA	NA	NA	NA	NA	NA	NA	NA	NA	NA	NA	NA	NA	NA	NA	NA	NA	NA	NA	NA	NA
Villapol_563_1DPI	NA	NA	NA	NA	NA	NA	NA	NA	NA	NA	NA	NA	NA	-2.99970933916676	NA	NA	NA	NA	NA	NA	NA	NA	NA	-0.333154143833593	NA	NA	NA	NA	NA	NA	NA	NA	NA	NA	NA	NA	NA	NA	NA	NA	NA	NA	NA	NA	NA	NA	-5.34921877721478	NA	NA	NA	NA	NA	NA	NA	NA	NA	NA	NA	NA	NA	NA	NA	NA	NA	NA	NA	NA	NA	NA	NA	NA	NA	NA	NA	NA	NA	NA	NA	NA	NA	-4.14578283421085	NA	NA	NA	NA	NA	NA	NA	NA	NA	NA	NA	NA	NA	NA	NA	NA	NA	-12.692034238576	NA	NA	NA	NA
Villapol_564_1DPI	NA	NA	NA	NA	NA	NA	NA	NA	NA	NA	NA	NA	NA	-3.70639755784841	NA	NA	NA	NA	NA	NA	NA	NA	NA	-0.360854674604038	NA	NA	NA	NA	NA	NA	NA	NA	NA	NA	NA	NA	NA	NA	NA	NA	NA	NA	NA	NA	NA	NA	-4.24972468533345	NA	NA	NA	NA	NA	NA	NA	NA	NA	NA	NA	NA	NA	NA	NA	NA	NA	NA	NA	NA	NA	NA	NA	NA	NA	NA	NA	NA	NA	NA	NA	NA	NA	-4.47496721531072	NA	NA	NA	NA	NA	NA	NA	NA	NA	NA	NA	NA	NA	NA	NA	NA	NA	-4.40638258947415	NA	NA	NA	NA
Villapol_565_1DPI	NA	-7.02777375205906	NA	NA	-11.7351328841399	NA	NA	NA	NA	NA	-13.1501703834188	NA	NA	NA	NA	NA	NA	NA	NA	NA	NA	NA	-12.1501703834188	-0.352373780083457	NA	NA	NA	NA	NA	NA	NA	NA	NA	NA	NA	NA	NA	-13.7351328841399	NA	NA	-9.30886812943785	NA	-11.2757012655026	NA	NA	NA	-4.0234659105756	NA	NA	NA	-8.07692140138815	NA	NA	NA	NA	NA	NA	NA	-8.64767004288961	NA	NA	NA	NA	NA	-11.7351328841399	NA	NA	NA	NA	NA	NA	-12.4132047892526	NA	NA	NA	NA	-5.48483446623361	NA	NA	NA	NA	NA	NA	NA	-7.9022428699752	NA	NA	NA	NA	NA	NA	NA	-7.21157092808293	NA	-11.7351328841399	NA	NA	NA	-3.2634576697479	NA	NA	-11.9277779620823	NA
Villapol_566_1DPI	NA	-5.77008715745619	NA	NA	-11.9249052665083	NA	NA	NA	NA	NA	NA	NA	NA	NA	NA	NA	NA	NA	NA	NA	NA	NA	NA	-9.83744242525796	NA	NA	NA	NA	NA	NA	NA	NA	NA	NA	NA	NA	NA	NA	NA	NA	NA	NA	-11.3399427657871	NA	NA	NA	-0.0443651321745632	NA	NA	NA	NA	NA	NA	NA	NA	NA	NA	NA	-11.6029771716209	NA	NA	NA	NA	NA	NA	NA	NA	NA	NA	NA	NA	NA	NA	NA	NA	NA	NA	NA	NA	NA	NA	NA	NA	NA	NA	NA	NA	NA	NA	NA	NA	NA	-11.6029771716209	NA	NA	NA	NA	NA	-6.70573674604614	NA	NA	NA	NA
Villapol_567_1DPI	NA	-9.42335837311076	NA	NA	NA	NA	NA	NA	NA	NA	NA	NA	NA	NA	NA	NA	NA	NA	NA	NA	NA	NA	NA	-1.35230862175126	NA	NA	NA	NA	NA	NA	NA	NA	NA	NA	NA	NA	NA	NA	NA	-12.3164431691943	NA	NA	NA	-13.1237980912519	NA	NA	NA	NA	NA	NA	NA	NA	NA	NA	NA	NA	NA	NA	-7.94388900123692	NA	NA	NA	NA	NA	NA	NA	NA	NA	NA	NA	NA	NA	NA	NA	NA	NA	-1.94388900123692	NA	NA	NA	NA	NA	NA	NA	NA	NA	NA	NA	NA	NA	NA	NA	NA	NA	NA	NA	NA	NA	-1.54542539989105	NA	NA	NA	NA
Villapol_568_1DPI	NA	-3.38839982128145	NA	NA	-11.1664769508168	NA	NA	NA	-7.07901410956646	NA	-10.1664769508168	NA	NA	-7.77415952803804	NA	NA	NA	NA	NA	-6.88107473195456	NA	-9.58151445009565	-7.77415952803804	-2.66265121282105	NA	NA	NA	NA	NA	NA	NA	NA	NA	NA	NA	-10.5815144500956	NA	NA	NA	-8.99655194937449	-5.93765826032092	NA	-6.74021219611471	-10.1664769508168	NA	NA	-5.00660561403841	NA	-10.5815144500956	NA	-9.84454885592944	NA	NA	-8.84454885592944	NA	-7.99655194937449	-8.25958635520828	NA	-3.8996904101219	NA	NA	NA	NA	NA	-7.46603723267571	NA	NA	-8.25958635520828	NA	NA	NA	-9.1664769508168	-9.58151445009565	-8.46603723267571	NA	-11.1664769508168	-2.11935303870278	NA	-7.64291499475979	NA	-7.25958635520829	NA	NA	NA	NA	NA	-10.1664769508168	NA	-10.5815144500956	NA	NA	-10.1664769508168	-5.01672983131212	-8.70704533217951	NA	NA	NA	-9.3591220287592	-1.81774879658573	NA	NA	NA	NA
Villapol_569_1DPI	NA	-8.53243710098395	NA	NA	NA	NA	NA	NA	NA	NA	NA	NA	NA	NA	NA	NA	NA	NA	NA	NA	NA	NA	NA	-9.9474746002628	NA	NA	NA	NA	NA	NA	NA	NA	NA	NA	NA	NA	NA	NA	NA	NA	NA	NA	NA	NA	NA	NA	-0.0061824071553533	NA	NA	NA	NA	NA	NA	NA	NA	NA	NA	NA	NA	NA	NA	NA	NA	NA	NA	NA	NA	NA	NA	NA	NA	NA	NA	NA	NA	NA	NA	NA	NA	NA	NA	NA	NA	NA	NA	NA	NA	NA	NA	NA	NA	NA	NA	NA	NA	NA	NA	NA	-10.7954715068177	NA	NA	NA	NA
Villapol_570_1DPI	NA	-5.49147062150217	-12.8809227105865	NA	NA	NA	NA	NA	NA	NA	NA	NA	NA	NA	NA	NA	NA	-11.8809227105865	NA	-11.1439571164203	NA	NA	-9.82202902153298	-0.244826812610327	NA	NA	NA	NA	NA	NA	NA	NA	NA	NA	NA	NA	-12.1439571164203	NA	NA	-11.6585302892501	NA	NA	-8.88092271058654	-9.71099770914423	NA	NA	-5.55899461569918	NA	NA	NA	NA	NA	NA	NA	NA	NA	-10.1439571164203	NA	-4.74649639036562	NA	NA	NA	NA	NA	-10.3784223700574	NA	-10.6585302892501	NA	NA	NA	NA	NA	-11.2959602098654	-10.0735677885289	NA	NA	NA	NA	-9.82202902153298	NA	-4.53219455635547	NA	NA	NA	-8.60790421618013	NA	-9.18048299244545	NA	NA	NA	NA	-12.4658852113077	-9.60790421618013	NA	NA	NA	NA	NA	-6.08650684423644	NA	NA	NA	NA
Villapol_571_1DPI	NA	NA	NA	NA	NA	NA	NA	NA	NA	-14.144392704733	NA	NA	NA	NA	NA	NA	NA	NA	NA	NA	NA	NA	NA	-0.335395022792956	NA	NA	NA	NA	NA	NA	NA	NA	NA	NA	NA	NA	NA	NA	NA	NA	NA	NA	NA	NA	NA	NA	-2.27338590269614	NA	NA	NA	NA	NA	NA	NA	NA	NA	NA	NA	NA	NA	NA	NA	NA	NA	NA	NA	NA	NA	NA	NA	NA	NA	NA	NA	NA	NA	NA	NA	NA	NA	-10.8713742103266	NA	NA	NA	NA	NA	NA	NA	NA	NA	NA	NA	NA	NA	NA	NA	NA	NA	NA	NA	NA	NA	NA
Villapol_572_1DPI	NA	NA	NA	NA	NA	NA	NA	NA	NA	NA	NA	NA	NA	-3.28837241897661	NA	NA	NA	NA	NA	NA	NA	NA	NA	-0.412258792585523	NA	NA	NA	NA	NA	NA	NA	NA	NA	NA	NA	NA	NA	NA	NA	NA	NA	NA	NA	NA	NA	NA	-4.17411822761476	NA	NA	NA	NA	NA	NA	NA	NA	NA	NA	NA	NA	NA	NA	NA	NA	NA	NA	NA	NA	NA	NA	NA	NA	NA	NA	NA	NA	NA	NA	NA	NA	NA	-4.62271468423767	NA	NA	NA	NA	NA	NA	NA	NA	NA	NA	NA	NA	NA	NA	NA	NA	NA	-4.31570600918605	NA	NA	NA	NA
Villapol_573_1DPI	NA	-8.64985493039617	NA	NA	NA	NA	NA	NA	NA	NA	NA	NA	NA	NA	NA	NA	NA	NA	NA	NA	NA	NA	NA	NA	NA	NA	NA	NA	NA	NA	NA	NA	NA	NA	NA	NA	NA	NA	NA	NA	NA	NA	NA	NA	NA	NA	-0.0068577433505356	NA	NA	NA	NA	NA	NA	NA	NA	NA	NA	NA	-11.0421723531749	NA	NA	NA	NA	NA	NA	NA	NA	NA	NA	NA	NA	NA	NA	NA	NA	NA	NA	NA	NA	NA	NA	NA	NA	-9.13528175756641	NA	NA	NA	NA	NA	NA	NA	NA	NA	NA	NA	NA	NA	NA	NA	NA	NA	NA	NA
Villapol_574_1DPI	NA	-11.3847837500934	NA	NA	NA	NA	NA	NA	NA	NA	NA	NA	NA	NA	NA	NA	NA	NA	NA	NA	NA	NA	NA	-11.9697462508145	NA	NA	NA	NA	NA	NA	NA	NA	NA	NA	NA	NA	NA	NA	NA	NA	NA	NA	NA	NA	NA	NA	-0.00125944577259857	NA	NA	NA	NA	NA	NA	NA	NA	NA	NA	NA	-11.9697462508145	NA	NA	NA	NA	NA	NA	NA	NA	NA	NA	NA	NA	NA	NA	NA	NA	NA	NA	NA	NA	NA	NA	NA	NA	NA	NA	NA	NA	NA	NA	NA	NA	NA	NA	NA	NA	NA	NA	NA	NA	NA	NA	NA	NA
Villapol_575_1DPI	NA	-10.2819300269554	NA	NA	NA	NA	NA	NA	NA	NA	NA	NA	NA	NA	NA	NA	NA	NA	NA	NA	NA	NA	NA	NA	NA	NA	NA	NA	NA	NA	NA	NA	NA	NA	NA	NA	NA	NA	NA	NA	NA	NA	NA	NA	NA	NA	-0.614945242780676	NA	NA	NA	NA	NA	NA	NA	NA	NA	NA	NA	NA	NA	NA	NA	NA	NA	-9.84135743556946	NA	NA	NA	NA	NA	NA	NA	NA	NA	NA	NA	NA	NA	NA	NA	NA	NA	NA	NA	NA	NA	NA	NA	NA	NA	NA	NA	NA	-1.53469609733541	NA	NA	NA	NA	NA	NA	NA	NA	NA
Villapol_576_1DPI	NA	-8.26075155380117	NA	NA	NA	NA	NA	NA	NA	NA	NA	NA	NA	NA	NA	NA	NA	NA	NA	NA	NA	NA	NA	-11.0681064758588	NA	NA	NA	NA	NA	NA	NA	NA	NA	NA	NA	NA	NA	NA	NA	NA	NA	NA	NA	NA	NA	NA	-0.00910008065766183	NA	NA	NA	NA	NA	NA	NA	NA	NA	NA	NA	NA	NA	NA	NA	NA	NA	NA	NA	NA	NA	NA	NA	NA	NA	NA	NA	NA	NA	NA	NA	NA	NA	-9.06810647585877	NA	NA	NA	NA	NA	NA	NA	NA	NA	NA	NA	NA	-10.4831439751376	NA	NA	NA	NA	NA	NA	NA	NA	NA
Villapol_577_1DPI	NA	-8.10700738517274	NA	NA	-14.1404303867102	NA	NA	NA	NA	NA	NA	NA	NA	NA	NA	NA	NA	NA	NA	NA	NA	NA	NA	-4.26468103529013	NA	NA	NA	NA	NA	NA	NA	NA	NA	NA	NA	NA	NA	NA	NA	-12.1404303867102	NA	NA	-12.3330754646526	NA	NA	NA	-5.92368452851488	NA	NA	NA	NA	NA	NA	NA	NA	NA	NA	NA	-10.0111473697652	NA	NA	NA	NA	NA	-4.12920313128693	NA	NA	NA	NA	NA	NA	NA	NA	-12.8185022918228	NA	NA	NA	NA	NA	NA	NA	NA	NA	NA	-11.2335397911017	NA	-11.8185022918228	NA	NA	NA	NA	NA	-10.8185022918228	-0.25406695927613	NA	NA	NA	NA	-5.09194351271785	NA	NA	NA	NA
Villapol_578_1DPI	NA	NA	NA	NA	NA	NA	NA	NA	NA	NA	NA	NA	NA	NA	NA	NA	NA	NA	NA	NA	NA	NA	NA	-2.34637759224673	NA	NA	NA	NA	NA	NA	NA	NA	NA	NA	NA	NA	NA	NA	NA	NA	NA	NA	NA	-12.9860197730641	NA	NA	-3.46245781700706	NA	NA	NA	NA	NA	NA	NA	NA	NA	NA	NA	NA	NA	NA	NA	NA	NA	-0.640244936222346	NA	NA	NA	NA	NA	NA	NA	NA	NA	NA	NA	NA	NA	NA	NA	NA	NA	NA	NA	NA	NA	NA	NA	NA	NA	NA	NA	NA	-3.81776552460628	NA	NA	NA	NA	NA	NA	NA	NA	NA
Villapol_579_1DPI	NA	-10.8150496707072	NA	NA	NA	NA	NA	NA	NA	NA	NA	NA	NA	NA	NA	NA	NA	NA	NA	NA	NA	NA	NA	-0.66996666854916	NA	NA	NA	NA	NA	NA	-12.4000121714284	NA	NA	NA	NA	NA	NA	NA	NA	NA	-10.9405805527911	NA	NA	-10.5420311763008	NA	NA	-5.53118961665336	NA	NA	-13.4000121714284	NA	NA	NA	NA	NA	NA	NA	NA	-9.97374741672626	NA	NA	NA	NA	NA	-4.37279728626853	NA	NA	NA	NA	NA	NA	NA	NA	NA	NA	NA	NA	NA	NA	NA	-8.57983320901317	NA	NA	NA	NA	NA	NA	NA	NA	NA	NA	NA	NA	-1.75649415293484	NA	NA	NA	NA	NA	NA	NA	NA	NA
Villapol_580_1DPI	NA	-3.79695156173001	-10.460865403846	NA	-10.460865403846	NA	NA	-9.1978309980122	-11.1978309980122	NA	NA	NA	NA	NA	NA	NA	NA	-10.7827934987334	NA	-9.78279349873335	NA	NA	NA	-4.25923154267634	NA	NA	-11.1978309980122	NA	NA	NA	NA	NA	NA	NA	NA	NA	NA	NA	NA	-9.78279349873335	NA	NA	-6.4973912798711	-9.46086540384599	NA	NA	-2.91242877914995	NA	-11.7827934987334	NA	NA	NA	NA	NA	NA	NA	-9.61286849729104	NA	-2.31315168149384	NA	NA	NA	NA	NA	-8.25923154267634	-7.87590290312483	NA	-7.35652874403126	NA	NA	NA	NA	NA	NA	NA	NA	NA	-8.78279349873335	-9.46086540384599	NA	-9.08235378059226	NA	NA	NA	-4.90015044937151	NA	-5.66385242600985	NA	NA	NA	NA	NA	-6.40775406738643	NA	NA	NA	NA	NA	-1.19595371077153	NA	NA	NA	NA
Villapol_581_1DPI	NA	-7.515060487491	NA	NA	NA	NA	NA	NA	NA	NA	-13.7245138531199	NA	NA	NA	NA	NA	NA	NA	NA	NA	NA	NA	NA	-4.11718353937034	NA	NA	NA	NA	NA	NA	NA	NA	NA	NA	NA	NA	NA	NA	NA	NA	-9.81762325751143	NA	-11.7245138531199	NA	NA	NA	-0.386752593963278	NA	NA	NA	NA	NA	NA	NA	NA	NA	NA	NA	-6.50534533265779	NA	NA	NA	NA	NA	NA	-6.515060487491	NA	NA	NA	NA	NA	NA	NA	NA	NA	NA	NA	NA	NA	NA	NA	NA	NA	NA	-7.94315413959529	NA	-8.55458885167764	NA	NA	NA	NA	NA	-10.9171589310623	NA	NA	NA	NA	NA	-2.82213873863392	NA	NA	NA	NA
Villapol_582_1DPI	NA	-7.75037930371984	NA	NA	NA	NA	NA	NA	NA	NA	NA	NA	NA	NA	NA	NA	NA	NA	NA	NA	NA	NA	NA	-4.32849742339894	NA	NA	NA	NA	NA	NA	NA	NA	NA	NA	NA	NA	NA	NA	NA	NA	-9.02601374633326	NA	-11.6889787590557	NA	NA	NA	-0.112179516472174	NA	NA	NA	NA	NA	NA	NA	NA	NA	NA	NA	-11.2739412597768	NA	NA	NA	NA	NA	NA	NA	NA	NA	NA	NA	NA	-10.9520131648895	NA	NA	NA	NA	NA	NA	NA	NA	NA	NA	NA	NA	-8.95201316488949	NA	-7.88162383699809	NA	NA	NA	NA	NA	-7.18647841852651	NA	NA	NA	NA	NA	-7.91638925515876	NA	NA	NA	NA
Villapol_583_1DPI	NA	-8.07948478382682	NA	NA	NA	NA	NA	NA	NA	NA	NA	NA	NA	NA	NA	NA	NA	NA	NA	NA	NA	NA	NA	-5.50701322728886	NA	NA	NA	NA	NA	NA	NA	NA	NA	NA	NA	NA	NA	NA	NA	NA	NA	NA	NA	NA	NA	NA	-0.0423638993805394	NA	NA	NA	NA	NA	NA	NA	NA	NA	NA	NA	-11.615537684067	NA	NA	NA	NA	NA	NA	NA	NA	NA	NA	NA	NA	NA	NA	NA	NA	NA	NA	NA	NA	NA	NA	NA	NA	NA	-10.4780341603171	NA	-11.1301108568968	NA	NA	NA	NA	NA	NA	NA	NA	NA	NA	NA	-9.13011085689678	NA	NA	NA	NA
Villapol_584_1DPI	NA	-11.6072018629601	NA	NA	NA	NA	NA	NA	NA	NA	NA	NA	NA	NA	NA	NA	NA	NA	NA	NA	NA	NA	NA	-0.0715484711292988	NA	NA	NA	NA	NA	NA	NA	NA	NA	NA	NA	NA	NA	NA	NA	NA	NA	NA	NA	NA	NA	NA	-4.64334245522255	NA	NA	NA	NA	NA	NA	NA	NA	NA	NA	NA	-14.1921643636813	NA	NA	NA	NA	NA	NA	NA	NA	NA	NA	NA	NA	NA	NA	NA	NA	NA	-10.022239362239	NA	NA	NA	-11.1921643636813	NA	NA	NA	-13.4551987695151	NA	-13.1921643636813	NA	NA	NA	NA	NA	NA	NA	NA	NA	NA	NA	-7.28527376807279	NA	NA	NA	NA
Villapol_585_1DPI	NA	-13.1020850613304	NA	NA	NA	NA	NA	NA	NA	NA	NA	NA	NA	NA	NA	NA	NA	NA	NA	NA	NA	NA	NA	-10.5995847208012	NA	NA	NA	NA	NA	NA	NA	NA	NA	NA	NA	NA	NA	NA	NA	NA	NA	NA	NA	NA	NA	NA	-9.40164534318927	NA	NA	NA	NA	NA	NA	NA	NA	NA	NA	NA	NA	NA	NA	NA	NA	NA	-0.256889067874025	NA	NA	NA	NA	NA	NA	NA	NA	NA	NA	NA	NA	NA	NA	NA	NA	NA	NA	NA	NA	NA	NA	NA	NA	NA	NA	NA	NA	-2.63600859993411	NA	NA	NA	NA	NA	NA	NA	NA	NA
Villapol_586_1DPI	NA	NA	NA	NA	NA	NA	NA	NA	NA	NA	NA	NA	NA	NA	NA	NA	NA	NA	NA	NA	NA	NA	NA	-6.98036509857975	NA	NA	NA	NA	NA	NA	NA	NA	NA	NA	NA	NA	NA	NA	NA	NA	NA	NA	NA	NA	NA	NA	-5.36101387231368	NA	NA	NA	NA	NA	NA	NA	NA	NA	NA	NA	NA	NA	NA	NA	NA	NA	-0.20661856916497	NA	NA	NA	NA	NA	NA	NA	NA	NA	NA	NA	NA	NA	NA	NA	NA	NA	NA	NA	NA	NA	NA	NA	NA	NA	NA	NA	NA	-3.30496512660415	NA	NA	NA	NA	NA	NA	NA	NA	NA
Villapol_587_1DPI	NA	-14.629109926068	NA	NA	NA	NA	NA	NA	NA	NA	NA	NA	NA	NA	NA	NA	NA	NA	NA	NA	NA	NA	NA	-1.01697094497444	NA	NA	NA	NA	NA	NA	NA	NA	NA	NA	NA	NA	NA	NA	NA	NA	NA	NA	NA	NA	NA	NA	-12.629109926068	NA	NA	NA	NA	NA	NA	NA	NA	NA	NA	NA	NA	NA	NA	NA	NA	NA	-0.985178597883306	NA	NA	NA	NA	NA	NA	NA	NA	NA	NA	NA	NA	NA	NA	NA	-11.629109926068	NA	NA	NA	NA	NA	NA	NA	NA	NA	NA	NA	NA	-12.5136327086481	NA	NA	NA	NA	NA	NA	NA	NA	NA
Villapol_588_1DPI	NA	NA	NA	NA	NA	NA	NA	NA	NA	NA	NA	NA	NA	NA	NA	NA	NA	NA	NA	NA	NA	NA	NA	-3.38261272426536	NA	NA	NA	NA	NA	NA	NA	NA	NA	NA	NA	NA	NA	NA	NA	NA	NA	NA	NA	NA	NA	NA	-11.3402952104305	NA	NA	NA	NA	NA	NA	NA	NA	NA	NA	NA	NA	NA	NA	NA	NA	NA	-0.372876797220081	NA	NA	NA	NA	NA	NA	NA	NA	NA	NA	NA	NA	NA	NA	NA	NA	NA	NA	NA	NA	NA	NA	NA	NA	NA	NA	NA	NA	-2.92694936079735	NA	NA	NA	NA	NA	NA	NA	NA	NA
Villapol_589_1DPI	NA	NA	NA	NA	NA	NA	NA	NA	NA	NA	NA	NA	NA	NA	NA	NA	NA	NA	NA	NA	NA	NA	NA	-0.887220863222017	NA	NA	NA	NA	NA	NA	NA	NA	NA	NA	NA	NA	NA	NA	NA	NA	NA	NA	NA	NA	NA	NA	-9.80093161273101	NA	NA	NA	NA	NA	NA	NA	NA	NA	NA	NA	NA	NA	NA	NA	NA	NA	-2.82096009322483	NA	NA	NA	NA	NA	NA	NA	NA	NA	NA	NA	NA	NA	NA	NA	NA	NA	NA	NA	NA	NA	NA	NA	NA	NA	NA	NA	NA	-1.95237003616212	NA	NA	NA	NA	-13.4733569547025	NA	NA	NA	NA
Villapol_590_1DPI	NA	NA	NA	NA	NA	NA	NA	NA	NA	NA	NA	NA	NA	NA	NA	NA	NA	NA	NA	NA	NA	NA	NA	-2.08559100640211	NA	NA	NA	NA	NA	NA	NA	NA	NA	NA	NA	NA	NA	NA	NA	NA	NA	NA	NA	-13.3573458120486	NA	NA	-0.411536227147766	NA	NA	NA	NA	NA	NA	NA	NA	NA	NA	NA	-7.09055927135369	NA	NA	NA	NA	NA	NA	NA	NA	NA	NA	NA	NA	NA	NA	NA	NA	NA	-7.81818700094056	NA	NA	NA	NA	NA	NA	NA	NA	NA	NA	NA	NA	NA	NA	NA	NA	NA	NA	NA	NA	NA	-10.4504552164401	NA	NA	NA	NA
Villapol_591_1DPI	-8.96789868720561	-5.09342956928947	NA	NA	-10.289826782093	NA	NA	NA	NA	NA	NA	NA	NA	NA	NA	NA	NA	NA	NA	-9.87478928281413	NA	-9.17434956467303	-9.70486428137181	-3.91189327747687	NA	NA	NA	NA	NA	NA	NA	NA	-9.17434956467303	NA	NA	NA	-10.289826782093	NA	NA	-7.87478928281413	-7.01680828768655	NA	-7.87478928281413	-7.17434956467303	NA	NA	-4.61740144012147	-11.289826782093	NA	-10.8747892828141	-6.274876440627	NA	NA	-9.87478928281413	NA	-10.289826782093	-7.78732644156379	NA	-0.489735794467975	-9.06743436075652	NA	NA	NA	NA	-9.70486428137181	-7.04189926864938	NA	NA	NA	NA	NA	-10.8747892828141	-8.11990178065066	-9.70486428137181	NA	NA	-7.55286118792676	NA	-8.96789868720561	NA	NA	-8.96789868720561	NA	NA	-9.55286118792676	NA	-8.35122732675711	NA	NA	NA	-10.289826782093	-7.26007943869892	-8.2309330930394	-10.289826782093	-8.01680828768655	NA	-10.289826782093	NA	-4.50846706856831	-9.28982678209297	NA	NA	NA
Villapol_592_1DPI	NA	NA	NA	NA	NA	NA	NA	NA	NA	NA	NA	NA	NA	NA	NA	NA	NA	NA	NA	NA	NA	NA	NA	-11.8012233378862	NA	NA	NA	NA	NA	NA	NA	NA	NA	NA	NA	NA	NA	NA	NA	-5.80122333788621	NA	NA	NA	NA	NA	NA	-0.0271775791701795	NA	NA	NA	-11.1231514327736	NA	NA	NA	NA	NA	NA	NA	NA	NA	NA	NA	NA	NA	NA	NA	NA	NA	NA	NA	NA	NA	NA	NA	NA	NA	NA	NA	NA	NA	NA	NA	NA	NA	NA	NA	NA	NA	NA	NA	NA	NA	NA	NA	NA	NA	NA	NA	NA	NA	NA	NA	NA
Villapol_593_1DPI	NA	-8.1308708249049	NA	NA	NA	NA	NA	NA	NA	NA	NA	-13.0377614205134	NA	NA	NA	NA	NA	NA	NA	NA	NA	NA	NA	-0.498905626574991	NA	NA	NA	NA	NA	NA	NA	NA	NA	NA	NA	NA	NA	NA	NA	-11.7158333256261	NA	NA	NA	-10.4527989197923	NA	NA	-3.27745729522704	NA	NA	NA	-10.28287391835	NA	NA	NA	NA	NA	-12.7158333256261	NA	-2.57704956837221	NA	NA	NA	NA	NA	-12.2304064984558	NA	NA	NA	NA	NA	NA	NA	NA	NA	NA	NA	-6.14597771729511	NA	-11.7158333256261	NA	NA	-14.0377614205134	NA	NA	NA	NA	NA	NA	NA	NA	NA	NA	NA	NA	-12.0377614205134	NA	NA	NA	-9.95029857926308	NA	NA	NA	NA
Villapol_594_1DPI	NA	-4.47812309846187	NA	NA	-9.29338321860482	NA	NA	NA	NA	NA	NA	NA	-10.4088604360248	NA	NA	NA	NA	-10.4088604360248	NA	NA	NA	NA	NA	NA	NA	NA	NA	NA	NA	NA	NA	NA	-9.0869323411374	NA	NA	NA	NA	-10.9938229367459	NA	-4.96591694017603	NA	NA	-7.70842071788367	-9.18646801468831	NA	NA	-0.725280936445793	NA	NA	NA	-5.81391384673098	NA	NA	NA	NA	NA	-8.29338321860482	NA	-3.82640479091418	-9.0869323411374	NA	NA	NA	NA	-7.90636009549558	NA	NA	NA	NA	NA	NA	NA	NA	-8.29338321860482	NA	NA	-3.24395350934907	NA	NA	NA	NA	NA	NA	NA	-6.34996674697119	NA	-8.99382293674592	NA	NA	NA	-11.4088604360248	-8.74589542330233	-8.03962662635904	NA	-8.23893543458245	NA	NA	NA	-3.88529847996775	-9.40886043602476	NA	-7.63627093212783	NA
Villapol_595_1DPI	NA	NA	NA	NA	NA	NA	NA	NA	NA	NA	NA	NA	NA	-4.90617265827552	NA	NA	NA	NA	NA	NA	NA	NA	NA	-0.194698298300182	NA	NA	NA	NA	NA	NA	NA	NA	NA	NA	NA	NA	NA	NA	NA	NA	NA	NA	NA	NA	-8.57994442595453	NA	NA	NA	NA	NA	NA	NA	NA	NA	NA	NA	NA	NA	NA	NA	NA	NA	NA	NA	NA	NA	NA	NA	NA	NA	NA	NA	NA	NA	NA	NA	NA	NA	NA	NA	-3.6037553872256	NA	NA	NA	NA	NA	NA	NA	NA	NA	NA	NA	NA	-6.96103459331004	NA	NA	NA	NA	NA	NA	NA	NA	NA
Villapol_596_1DPI	NA	NA	NA	-11.117393357583	NA	NA	NA	NA	NA	NA	NA	NA	NA	-2.51619399013175	NA	NA	NA	NA	NA	NA	NA	NA	NA	-0.481117323563627	-7.11047394364324	NA	NA	NA	NA	NA	NA	NA	NA	NA	NA	NA	NA	NA	NA	NA	NA	NA	NA	NA	-5.42444261828013	NA	-5.70278942556241	NA	NA	NA	NA	NA	NA	NA	NA	NA	NA	NA	NA	NA	NA	NA	NA	-15.8178330757241	NA	NA	NA	NA	NA	NA	NA	NA	NA	NA	NA	NA	NA	NA	NA	NA	-4.09331922260417	NA	NA	NA	NA	NA	NA	NA	NA	NA	NA	NA	NA	NA	NA	NA	NA	NA	NA	NA	NA	NA	NA
Villapol_597_1DPI	NA	NA	NA	-3.75807718960227	NA	NA	NA	NA	NA	NA	NA	NA	NA	-2.54134099158889	-12.1446582428319	NA	NA	NA	NA	NA	NA	NA	NA	-0.861666381467007	-5.32022980741534	NA	NA	NA	NA	NA	-9.82273014794452	NA	NA	NA	NA	NA	NA	NA	NA	NA	NA	NA	NA	NA	-3.28823271420635	-11.4076926486657	-6.16737831933197	NA	NA	NA	NA	NA	NA	NA	NA	NA	NA	NA	NA	NA	-6.45815771564866	NA	-8.97473324138957	-10.4816932301095	NA	NA	NA	NA	NA	NA	NA	NA	NA	NA	NA	NA	NA	NA	NA	NA	-4.41900796189351	NA	NA	NA	NA	NA	NA	NA	NA	NA	NA	NA	NA	NA	NA	NA	NA	NA	NA	NA	NA	NA	NA
Villapol_598_1DPI	NA	NA	NA	NA	NA	NA	NA	NA	NA	NA	NA	NA	NA	NA	NA	NA	NA	NA	NA	NA	NA	NA	NA	-0.349628704010181	-14.4130659194685	NA	NA	NA	NA	NA	NA	NA	NA	NA	NA	NA	NA	NA	NA	NA	NA	NA	NA	NA	NA	NA	-2.33474829725243	NA	NA	NA	NA	NA	NA	NA	NA	NA	NA	NA	NA	NA	NA	NA	NA	NA	NA	NA	NA	NA	NA	NA	NA	NA	NA	NA	NA	NA	NA	NA	NA	NA	-9.98680116476639	NA	NA	NA	NA	NA	NA	NA	NA	NA	NA	NA	NA	-5.97012242361976	NA	NA	NA	NA	NA	NA	NA	NA	NA
Villapol_599_1DPI	NA	NA	NA	-3.26718034308329	NA	NA	NA	NA	NA	NA	NA	NA	NA	-2.60763972086225	NA	NA	NA	NA	NA	NA	NA	NA	NA	-0.771865469349637	-6.1427329721588	NA	NA	NA	NA	-11.8392037880969	-8.66927878665463	-10.4766337087122	NA	NA	NA	NA	NA	NA	NA	NA	NA	NA	NA	NA	-3.88002980155568	NA	-6.27587130334733	NA	NA	NA	NA	NA	NA	NA	NA	NA	NA	NA	NA	NA	-6.31116835546062	NA	-10.6465587101545	-10.4766337087122	NA	NA	NA	NA	NA	NA	NA	NA	NA	NA	NA	NA	NA	NA	NA	NA	-4.88168711941846	NA	NA	NA	NA	NA	NA	NA	NA	NA	NA	NA	NA	NA	NA	NA	NA	NA	NA	NA	NA	NA	-12.6465587101545
Villapol_600_1DPI	NA	NA	NA	-13.7619926578436	NA	NA	NA	NA	NA	NA	NA	NA	NA	NA	NA	NA	NA	NA	NA	NA	NA	NA	NA	-0.0526395501174752	NA	NA	NA	NA	NA	NA	NA	NA	NA	NA	NA	NA	NA	NA	NA	NA	-12.0615529397025	NA	NA	NA	NA	NA	-5.14728281372837	NA	NA	NA	NA	NA	NA	NA	NA	NA	NA	NA	NA	NA	NA	NA	NA	NA	-9.85510206223506	NA	NA	NA	NA	NA	NA	NA	NA	NA	NA	NA	-7.32736443020685	NA	NA	NA	NA	NA	NA	NA	NA	NA	NA	NA	NA	NA	NA	NA	NA	NA	NA	NA	NA	NA	NA	NA	NA	NA	NA
Villapol_601_1DPI	NA	NA	NA	NA	NA	NA	NA	NA	NA	NA	NA	NA	NA	NA	NA	NA	NA	NA	NA	NA	NA	NA	NA	-0.0949926312550574	NA	NA	NA	NA	NA	NA	NA	NA	NA	NA	NA	NA	NA	NA	NA	NA	-13.2477792024652	NA	NA	NA	NA	NA	-6.3939498506081	NA	NA	NA	NA	NA	NA	NA	NA	NA	NA	NA	NA	NA	NA	NA	NA	NA	-4.48622797002073	NA	NA	NA	NA	NA	NA	NA	NA	NA	NA	NA	-7.13577417695208	NA	NA	NA	NA	NA	NA	NA	NA	NA	NA	NA	NA	NA	NA	NA	NA	NA	NA	NA	NA	NA	NA	NA	NA	NA	NA
Villapol_602_1DPI	NA	NA	NA	NA	NA	NA	NA	NA	NA	NA	NA	NA	NA	NA	NA	NA	NA	NA	NA	NA	NA	NA	NA	-0.811969613467291	NA	NA	NA	NA	NA	NA	NA	NA	NA	NA	NA	NA	NA	NA	NA	NA	NA	NA	NA	NA	NA	NA	-7.82904312682623	NA	NA	NA	NA	NA	NA	NA	NA	NA	NA	NA	NA	NA	NA	NA	NA	NA	-2.00977639652547	NA	NA	NA	NA	NA	NA	NA	NA	NA	NA	NA	-7.42694468325489	NA	NA	NA	-12.6363980488838	NA	NA	NA	-11.221360549605	NA	-12.221360549605	NA	NA	NA	NA	NA	NA	NA	NA	NA	NA	NA	-2.54716828145931	NA	NA	NA	NA
Villapol_603_1DPI	NA	NA	NA	NA	NA	NA	NA	NA	NA	NA	NA	NA	NA	NA	NA	NA	NA	NA	NA	NA	NA	NA	NA	-0.278385757554988	NA	NA	NA	NA	NA	NA	NA	NA	NA	NA	NA	NA	NA	NA	NA	NA	-12.385929789531	NA	NA	NA	NA	NA	-11.385929789531	NA	NA	NA	NA	NA	NA	NA	NA	NA	NA	NA	NA	NA	NA	NA	NA	NA	-2.51749303367281	NA	NA	NA	NA	NA	NA	NA	NA	NA	NA	NA	NA	NA	NA	NA	NA	NA	NA	-11.8009672888098	NA	NA	NA	NA	NA	NA	NA	NA	NA	NA	NA	NA	NA	NA	NA	NA	NA	NA	NA
Villapol_604_1DPI	NA	-11.2518589318939	NA	-11.9039356284736	NA	NA	NA	NA	NA	NA	NA	NA	NA	-11.3893624556439	NA	NA	NA	NA	NA	NA	NA	NA	NA	-1.64520136007347	NA	NA	NA	NA	NA	NA	NA	NA	NA	NA	NA	NA	NA	NA	NA	NA	NA	NA	NA	NA	-9.35373854591316	-13.7112905505312	NA	NA	NA	NA	NA	NA	NA	NA	NA	NA	NA	NA	-9.5018371849023	NA	-13.7112905505312	NA	NA	NA	-2.8108010656966	NA	NA	NA	NA	NA	NA	NA	NA	NA	NA	NA	-0.910491739847636	NA	NA	NA	NA	NA	NA	-13.1263280498101	-13.1263280498101	NA	NA	NA	NA	NA	NA	NA	-13.1263280498101	NA	NA	NA	NA	NA	-9.54136554908894	NA	NA	NA	NA
Villapol_605_1DPI	NA	NA	NA	NA	NA	NA	NA	NA	NA	NA	NA	NA	NA	NA	NA	NA	NA	NA	NA	NA	NA	NA	NA	-0.364663499020474	NA	NA	NA	NA	NA	NA	NA	NA	NA	NA	NA	NA	NA	NA	NA	NA	NA	NA	NA	NA	NA	NA	-2.22128830136651	NA	NA	NA	NA	NA	NA	NA	NA	NA	NA	NA	NA	NA	NA	NA	NA	NA	NA	NA	NA	NA	NA	NA	NA	NA	NA	NA	NA	NA	-6.82569596738275	NA	NA	NA	NA	NA	NA	NA	NA	NA	NA	NA	NA	NA	NA	NA	NA	NA	NA	NA	NA	NA	-13.5316738690653	NA	NA	NA	NA
Villapol_606_1DPI	NA	-11.1751039580698	NA	NA	NA	NA	NA	NA	NA	NA	NA	NA	NA	NA	NA	NA	NA	NA	NA	NA	NA	NA	NA	-10.3974963794062	NA	NA	NA	NA	NA	NA	NA	NA	NA	NA	NA	NA	NA	NA	NA	NA	-12.9824588801274	NA	NA	NA	NA	NA	-0.0214614554093082	NA	NA	NA	NA	NA	NA	NA	NA	NA	NA	NA	-11.3974963794062	NA	NA	NA	NA	NA	NA	NA	NA	NA	NA	NA	NA	NA	NA	NA	NA	NA	-6.36774903601215	NA	NA	NA	NA	NA	NA	-11.66053078524	NA	NA	NA	NA	NA	NA	NA	NA	NA	NA	NA	NA	NA	NA	-10.5230272614901	NA	NA	NA	NA
Villapol_607_1DPI	NA	-8.28737288195031	NA	NA	-12.3748357232006	NA	NA	NA	NA	NA	NA	NA	NA	NA	NA	NA	NA	NA	NA	NA	NA	NA	NA	-3.16782140302312	NA	NA	NA	NA	NA	NA	NA	NA	NA	NA	NA	NA	NA	NA	NA	NA	NA	NA	NA	-10.2873728819503	NA	NA	-5.77492288101352	NA	NA	NA	NA	NA	NA	NA	NA	NA	NA	NA	-3.18996038029236	NA	NA	NA	NA	NA	-8.56748080114304	NA	NA	NA	NA	NA	NA	NA	NA	-13.3748357232006	NA	NA	-0.418368810436157	NA	NA	NA	NA	NA	NA	NA	NA	NA	NA	NA	NA	NA	NA	NA	-9.51685472807308	NA	NA	NA	NA	NA	-7.85127376714364	NA	NA	NA	NA
Villapol_608_1DPI	NA	NA	NA	NA	NA	NA	NA	NA	NA	NA	NA	NA	NA	NA	-11.6314802384393	NA	NA	NA	NA	NA	NA	NA	NA	-1.34235791293343	NA	NA	NA	NA	-13.8014052398816	NA	NA	NA	NA	NA	NA	NA	NA	NA	NA	NA	-12.2164427391605	NA	NA	-9.34197362124435	NA	NA	-0.730781117451382	NA	NA	NA	NA	NA	NA	NA	NA	NA	NA	NA	-12.4794771449943	NA	NA	NA	NA	NA	NA	NA	NA	NA	NA	NA	NA	NA	NA	NA	NA	NA	NA	NA	NA	NA	-11.2164427391605	NA	NA	NA	NA	NA	NA	NA	NA	NA	NA	NA	NA	NA	NA	NA	NA	NA	-11.6314802384393	NA	NA	NA	NA
Villapol_609_1DPI	NA	NA	NA	NA	NA	NA	NA	NA	NA	NA	NA	NA	NA	NA	NA	NA	NA	NA	NA	NA	NA	NA	NA	-1.17321172568483	NA	NA	NA	NA	NA	NA	NA	NA	NA	NA	NA	NA	NA	NA	NA	NA	NA	NA	NA	NA	NA	NA	NA	NA	NA	NA	NA	NA	NA	NA	NA	NA	NA	NA	NA	NA	NA	NA	NA	NA	-0.845372907727071	NA	NA	NA	NA	NA	NA	NA	NA	NA	NA	NA	NA	NA	NA	NA	NA	NA	NA	NA	NA	NA	NA	NA	NA	NA	NA	NA	NA	NA	NA	NA	NA	NA	NA	NA	NA	NA	NA
Villapol_610_1DPI	NA	NA	NA	NA	NA	NA	NA	NA	NA	NA	NA	NA	NA	-5.10129651059293	NA	NA	NA	NA	NA	NA	NA	NA	NA	-0.4240831452469	NA	NA	NA	NA	NA	NA	NA	NA	NA	NA	NA	NA	NA	NA	NA	NA	-12.5442400064417	NA	NA	NA	NA	NA	NA	NA	NA	NA	NA	NA	NA	NA	NA	NA	NA	NA	NA	NA	NA	NA	NA	NA	-2.46909516237534	NA	NA	NA	NA	NA	NA	NA	NA	NA	NA	NA	NA	NA	NA	NA	-4.48489554561723	NA	NA	NA	NA	NA	NA	NA	NA	NA	NA	NA	NA	NA	NA	NA	NA	NA	-12.9592775057205	NA	NA	NA	NA
Villapol_611_1DPI	NA	NA	NA	NA	NA	NA	NA	NA	NA	-3.71085979889733	NA	NA	NA	-2.9756841491802	NA	NA	NA	NA	NA	NA	NA	NA	NA	-0.740453422514515	-8.48374747269114	NA	NA	NA	NA	NA	-9.90695890341568	NA	NA	NA	NA	NA	NA	NA	NA	NA	NA	NA	NA	NA	NA	NA	-5.95699958591528	NA	NA	NA	NA	NA	NA	NA	NA	NA	NA	NA	NA	NA	NA	NA	NA	NA	-3.35586241616649	NA	NA	NA	NA	NA	NA	NA	NA	NA	NA	NA	NA	NA	NA	-6.35516326662972	-3.88358256532631	NA	NA	NA	NA	NA	NA	NA	NA	NA	NA	NA	-12.0444624271656	NA	NA	NA	NA	NA	NA	NA	NA	NA	NA
Villapol_612_1DPI	NA	NA	NA	NA	NA	NA	NA	NA	NA	NA	NA	NA	NA	NA	NA	NA	NA	NA	NA	NA	NA	NA	NA	-0.935574332475017	NA	NA	NA	NA	NA	NA	NA	NA	NA	NA	NA	NA	NA	NA	NA	NA	-14.2811874852877	NA	NA	NA	NA	NA	NA	NA	NA	NA	NA	NA	NA	NA	NA	NA	NA	NA	NA	NA	NA	NA	NA	NA	-1.09225098825751	NA	NA	NA	NA	NA	NA	NA	NA	NA	NA	NA	-6.95027060717308	NA	NA	NA	NA	NA	NA	NA	NA	NA	NA	NA	NA	NA	NA	NA	NA	NA	NA	NA	NA	NA	NA	NA	NA	NA	NA
Villapol_613_1DPI	NA	NA	NA	NA	NA	NA	NA	NA	NA	NA	NA	NA	NA	-3.47684784228146	NA	NA	NA	NA	NA	NA	NA	NA	NA	-0.788123451846535	-6.00259735757624	NA	NA	NA	NA	-5.67324505508496	NA	NA	NA	NA	NA	NA	NA	NA	NA	NA	NA	NA	NA	NA	NA	NA	-6.48103563924489	NA	NA	NA	NA	NA	NA	NA	NA	NA	NA	NA	-5.43156696298059	NA	NA	NA	NA	NA	-2.15529995428545	NA	NA	NA	NA	NA	NA	NA	NA	NA	NA	NA	NA	NA	NA	-10.0448039176969	-4.8920120660578	NA	NA	NA	NA	NA	NA	NA	NA	NA	NA	NA	NA	NA	NA	NA	NA	NA	NA	NA	NA	NA	NA
Villapol_614_1DPI	NA	NA	NA	NA	NA	NA	NA	NA	NA	NA	NA	NA	NA	NA	NA	NA	NA	NA	NA	NA	NA	NA	NA	-0.929139964187039	NA	NA	NA	NA	NA	NA	NA	NA	NA	NA	NA	NA	NA	NA	NA	NA	NA	NA	NA	NA	NA	NA	-9.48047286847874	NA	NA	NA	NA	NA	NA	NA	NA	NA	NA	NA	NA	NA	NA	NA	NA	NA	-1.07878064623653	NA	NA	NA	NA	NA	NA	NA	NA	NA	NA	NA	NA	NA	NA	NA	NA	NA	NA	NA	NA	NA	NA	NA	NA	NA	NA	NA	NA	NA	NA	NA	NA	NA	NA	NA	NA	NA	NA
Villapol_615_1DPI	NA	NA	NA	NA	NA	NA	NA	NA	NA	NA	NA	NA	NA	-2.88448002462487	NA	NA	NA	NA	NA	NA	NA	NA	NA	-0.863142909962912	NA	NA	NA	NA	NA	NA	NA	NA	NA	NA	NA	NA	NA	NA	NA	NA	NA	NA	NA	NA	NA	NA	NA	NA	NA	NA	NA	NA	NA	NA	NA	NA	NA	NA	NA	NA	NA	NA	NA	NA	-1.89401710589996	NA	NA	NA	NA	NA	NA	NA	NA	NA	NA	NA	NA	NA	NA	NA	-4.44948969949615	NA	NA	NA	NA	NA	NA	NA	NA	NA	NA	NA	NA	NA	NA	NA	NA	NA	NA	NA	NA	NA	NA
Villapol_616_1DPI	NA	NA	NA	NA	NA	NA	NA	NA	NA	-6.17837048167557	NA	NA	NA	-3.29750512579288	NA	NA	NA	NA	NA	NA	NA	NA	NA	-0.702744122427619	NA	NA	NA	NA	NA	NA	-7.55764462875301	NA	NA	NA	NA	NA	NA	NA	NA	NA	NA	NA	NA	NA	-11.2189580156043	NA	-12.1575574709401	NA	NA	NA	NA	NA	NA	NA	NA	NA	NA	NA	NA	NA	NA	NA	-12.572594970219	NA	-2.18517594117141	NA	NA	NA	NA	NA	NA	NA	NA	NA	NA	NA	NA	NA	NA	NA	-4.5972246367277	NA	NA	NA	NA	NA	NA	NA	NA	NA	NA	NA	NA	NA	NA	NA	NA	NA	NA	NA	NA	NA	NA
Villapol_617_1DPI	NA	NA	NA	NA	NA	-11.0115637621761	NA	NA	NA	-9.8122549539527	NA	NA	NA	-3.14462831694537	NA	NA	NA	NA	NA	NA	NA	NA	NA	-1.09524194063476	NA	NA	NA	NA	NA	NA	-6.06081887697816	NA	NA	NA	NA	NA	NA	NA	NA	NA	NA	NA	NA	NA	NA	NA	NA	NA	NA	NA	NA	NA	NA	NA	NA	NA	NA	NA	NA	NA	NA	NA	-11.0660115461985	-7.76082671514569	-1.50707578178135	NA	NA	NA	NA	NA	NA	NA	NA	NA	NA	NA	NA	NA	NA	NA	-4.4615295947579	NA	NA	NA	NA	NA	NA	NA	NA	NA	NA	NA	NA	NA	NA	NA	NA	NA	NA	NA	NA	NA	NA
Villapol_618_1DPI	NA	-6.14231407833094	NA	NA	NA	NA	NA	NA	NA	NA	NA	NA	NA	-7.8923358253226	NA	NA	NA	NA	NA	NA	NA	NA	NA	-5.97672801261297	NA	NA	NA	NA	NA	NA	NA	NA	NA	NA	NA	NA	NA	NA	NA	NA	NA	NA	NA	NA	NA	NA	NA	NA	NA	NA	NA	NA	NA	NA	NA	NA	NA	NA	NA	NA	NA	NA	NA	NA	-0.14750198782305	NA	NA	NA	NA	NA	NA	NA	NA	NA	NA	NA	-4.09437960126724	NA	NA	NA	NA	NA	NA	NA	-9.76680494323874	NA	NA	NA	NA	NA	NA	NA	NA	NA	NA	NA	NA	NA	-8.26430460270955	NA	NA	NA	NA
Villapol_619_1DPI	NA	NA	NA	NA	NA	NA	NA	NA	NA	NA	NA	NA	NA	-2.13109044659248	NA	NA	NA	NA	NA	NA	NA	NA	NA	-0.659468243946244	NA	NA	NA	NA	NA	NA	NA	NA	NA	NA	NA	NA	NA	NA	NA	NA	NA	NA	NA	NA	NA	NA	-11.1988914544027	NA	NA	NA	NA	NA	NA	NA	NA	NA	NA	NA	NA	NA	NA	NA	NA	NA	-3.51749330226704	NA	NA	NA	NA	NA	NA	NA	NA	NA	NA	NA	NA	NA	NA	NA	-4.30077106842196	NA	NA	NA	NA	NA	NA	NA	NA	NA	NA	NA	-13.0733605723189	NA	NA	NA	NA	NA	NA	NA	NA	NA	NA
Villapol_620_1DPI	NA	NA	NA	NA	NA	NA	NA	NA	NA	NA	NA	NA	NA	-8.14728917531985	NA	NA	NA	NA	NA	NA	NA	NA	NA	-0.889526703946594	NA	NA	NA	NA	NA	NA	NA	NA	NA	NA	NA	NA	NA	NA	NA	NA	NA	NA	NA	NA	NA	NA	NA	NA	NA	NA	NA	NA	NA	NA	NA	NA	NA	NA	-13.8007314139238	NA	NA	NA	NA	NA	-1.27398767092408	NA	NA	NA	NA	NA	NA	NA	NA	NA	NA	NA	-4.53628881369717	NA	NA	NA	NA	NA	NA	NA	NA	NA	NA	NA	NA	NA	NA	NA	NA	NA	NA	NA	NA	NA	NA	NA	NA	NA	NA
Villapol_621_1DPI	NA	NA	NA	NA	NA	-12.176640671134	NA	NA	NA	-9.96718730550506	NA	NA	NA	-2.59921184309826	NA	NA	NA	NA	NA	NA	NA	NA	NA	-0.63475756569177	-11.0067156696917	NA	NA	NA	NA	NA	-6.11055148067624	NA	NA	NA	NA	NA	NA	NA	NA	NA	NA	NA	NA	NA	-3.37331675209252	-13.5916781704129	-9.62205181945638	NA	NA	NA	NA	NA	NA	NA	NA	NA	NA	NA	NA	NA	NA	NA	-5.98434785666325	-9.85471257624665	-13.5916781704129	NA	NA	NA	NA	NA	NA	NA	NA	NA	NA	NA	NA	NA	NA	NA	-4.064852935333	NA	-12.3692857490764	NA	NA	NA	NA	NA	NA	NA	NA	NA	NA	NA	NA	NA	NA	NA	NA	NA	NA	NA	NA
Villapol_622_1DPI	NA	NA	NA	NA	NA	NA	NA	NA	NA	NA	NA	NA	NA	-3.78896183090337	NA	NA	NA	NA	NA	NA	NA	NA	NA	-0.211875140275737	NA	NA	NA	NA	NA	NA	NA	NA	NA	NA	NA	NA	NA	NA	NA	NA	NA	NA	NA	NA	-7.83061194765505	NA	NA	NA	NA	NA	NA	NA	NA	NA	NA	NA	NA	NA	NA	NA	NA	NA	NA	NA	-4.63863659276107	NA	NA	NA	NA	NA	NA	NA	NA	NA	NA	NA	NA	NA	NA	NA	-5.6998332757578	NA	NA	NA	-12.1668953355195	NA	NA	NA	NA	NA	NA	NA	-14.4888234304068	NA	NA	NA	NA	NA	-12.2664310090704	NA	NA	NA	NA
Villapol_623_1DPI	NA	-5.25905693038063	NA	NA	NA	NA	NA	NA	NA	-12.7786931832238	-11.4567650883365	NA	NA	NA	NA	NA	NA	NA	NA	-10.9713382611662	NA	-11.4567650883365	-9.77869318322384	-0.0975646032028464	NA	NA	NA	NA	NA	NA	-12.1937306825027	NA	-10.6087681817815	NA	NA	NA	NA	NA	NA	NA	-7.97133826116624	NA	NA	-8.73429906386539	-12.7786931832238	NA	NA	NA	NA	NA	NA	NA	NA	NA	NA	-10.7786931832238	NA	NA	-7.9458031690591	NA	NA	NA	NA	NA	NA	NA	-10.3192615645865	NA	NA	NA	-10.3192615645865	-10.6087681817815	NA	NA	NA	NA	NA	NA	-11.1937306825027	NA	-7.87180258761532	NA	NA	NA	NA	NA	-11.4567650883365	NA	NA	NA	NA	-11.7786931832238	-5.99079062383241	NA	NA	NA	-11.1937306825027	NA	-10.4567650883365	NA	NA	NA	NA
Villapol_624_1DPI	NA	NA	NA	NA	NA	NA	NA	NA	NA	NA	NA	NA	NA	NA	NA	NA	NA	NA	NA	NA	NA	NA	NA	-0.123550990750276	NA	NA	NA	NA	NA	NA	NA	NA	NA	NA	NA	NA	NA	NA	NA	NA	-14.7715152611579	NA	NA	NA	NA	NA	-3.60755116974567	NA	NA	NA	NA	NA	NA	NA	NA	NA	NA	NA	NA	NA	NA	NA	NA	NA	NA	NA	NA	NA	NA	NA	NA	NA	NA	NA	NA	NA	NA	NA	NA	NA	NA	NA	NA	NA	NA	NA	NA	NA	NA	NA	NA	NA	NA	NA	NA	NA	NA	NA	NA	NA	NA	NA	NA
Villapol_625_1DPI	NA	-7.93781516880342	NA	NA	NA	NA	NA	NA	NA	NA	NA	NA	-9.14871195130204	NA	NA	NA	NA	NA	NA	-12.5816713585781	NA	NA	-9.38003749740849	-0.191126189687981	NA	-11.7336744520232	-11.5816713585781	NA	NA	NA	NA	NA	-7.15540660387605	NA	-12.0962445314079	NA	NA	NA	NA	NA	NA	NA	-11.4441678348282	-11.4441678348282	NA	NA	-4.86330973243979	NA	NA	-12.5816713585781	-9.99670885785699	NA	-12.5816713585781	NA	NA	NA	NA	NA	-9.85920533410705	NA	NA	NA	NA	NA	-10.2597432636908	-12.3186369527444	NA	NA	NA	NA	NA	NA	NA	NA	NA	NA	NA	NA	-12.5816713585781	NA	-6.43192423907346	-12.0962445314079	NA	NA	NA	NA	NA	NA	NA	NA	NA	NA	-6.90359945346551	-4.38789961518146	NA	NA	-11.4441678348282	NA	-12.5816713585781	NA	NA	NA	NA
Villapol_626_1DPI	NA	-6.73055885095607	NA	NA	NA	NA	NA	NA	NA	NA	NA	NA	NA	NA	-9.33721642277655	NA	NA	NA	NA	NA	NA	NA	NA	-8.04176053925038	NA	NA	NA	NA	NA	NA	NA	-8.88975744580533	NA	NA	NA	NA	NA	NA	NA	-9.47471994652648	NA	NA	NA	-10.7966480414138	-11.2116855406927	NA	-0.207933405831581	NA	NA	NA	-9.21168554069269	NA	NA	NA	NA	NA	NA	NA	-8.33721642277655	NA	NA	NA	NA	-11.2116855406927	NA	-11.7966480414138	NA	NA	NA	NA	NA	NA	NA	NA	NA	NA	NA	-9.98929311935624	NA	NA	-4.76874204484396	NA	NA	NA	-10.4747199465265	NA	NA	NA	NA	NA	NA	NA	-9.47471994652648	-3.87480710433935	NA	NA	NA	NA	-9.62672303997153	NA	NA	NA	NA
Villapol_627_1DPI	NA	-8.65304408901098	NA	NA	NA	NA	NA	NA	NA	NA	NA	NA	NA	NA	NA	NA	NA	NA	NA	NA	NA	NA	NA	-3.92815132714534	NA	NA	NA	NA	NA	NA	NA	NA	NA	NA	NA	NA	NA	NA	NA	NA	NA	NA	NA	NA	NA	NA	-0.118200851090689	NA	NA	NA	NA	NA	NA	NA	NA	NA	NA	NA	-11.0860034962871	NA	NA	NA	NA	NA	NA	NA	NA	NA	NA	NA	NA	NA	NA	NA	NA	NA	NA	NA	NA	NA	-9.01561416839568	NA	NA	NA	NA	NA	NA	NA	NA	NA	NA	NA	NA	-6.94849997253715	NA	NA	NA	NA	NA	NA	NA	NA	NA
Villapol_628_1DPI	NA	NA	NA	NA	NA	-10.0517187571781	NA	NA	NA	-3.15336930289992	NA	NA	NA	-2.15589105680345	NA	NA	NA	NA	NA	NA	NA	NA	NA	-1.0942539103729	-6.83578135797897	NA	NA	NA	NA	-10.6366812578993	-8.93624153975818	NA	NA	NA	NA	NA	NA	NA	NA	NA	NA	NA	NA	NA	NA	NA	-3.13136590176303	NA	NA	NA	NA	NA	NA	NA	NA	NA	NA	NA	-8.40786256740339	NA	NA	NA	NA	-8.61431344487082	NA	NA	NA	NA	-5.89521427149812	NA	NA	NA	NA	NA	NA	NA	NA	NA	NA	NA	-4.44069395987076	NA	NA	NA	NA	NA	NA	NA	NA	NA	NA	NA	NA	NA	NA	NA	NA	NA	NA	NA	NA	NA	NA
Villapol_629_1DPI	NA	NA	NA	NA	NA	NA	NA	NA	NA	NA	NA	NA	NA	-3.12668409642837	NA	NA	NA	NA	NA	NA	NA	NA	NA	-0.411979345527534	NA	NA	NA	NA	NA	-12.8587303533989	-13.6660852754565	NA	NA	NA	NA	NA	NA	NA	NA	NA	NA	NA	NA	NA	NA	NA	-3.75957043060953	NA	NA	NA	NA	NA	NA	NA	NA	NA	NA	NA	-14.6660852754565	NA	NA	NA	NA	NA	NA	NA	NA	NA	NA	NA	NA	NA	NA	NA	NA	NA	NA	NA	NA	NA	-4.0629225959221	NA	NA	NA	NA	NA	NA	NA	NA	NA	NA	NA	NA	NA	NA	NA	NA	NA	NA	NA	NA	NA	NA
Villapol_630_1DPI	NA	NA	NA	NA	NA	NA	NA	NA	NA	NA	NA	NA	NA	-3.58393649300371	NA	NA	NA	NA	NA	NA	NA	NA	NA	-0.349615477619274	-6.75309246722052	NA	NA	NA	NA	-11.5501054450567	-10.7565563225241	NA	NA	NA	NA	NA	NA	NA	NA	NA	NA	NA	NA	-11.7565563225241	NA	NA	-3.72737529711214	NA	NA	NA	NA	NA	NA	NA	NA	NA	NA	NA	NA	NA	NA	NA	NA	NA	NA	NA	NA	NA	NA	NA	NA	NA	NA	NA	NA	NA	NA	NA	NA	NA	-4.44716742329707	NA	NA	NA	NA	NA	NA	NA	NA	NA	NA	NA	NA	NA	NA	NA	NA	NA	NA	NA	NA	NA	NA
Villapol_631_1DPI	NA	NA	NA	NA	NA	NA	NA	NA	NA	NA	NA	NA	NA	-3.51146688055161	NA	NA	NA	NA	NA	NA	NA	NA	NA	-0.436858815030402	-5.0697769890807	NA	NA	NA	NA	-6.91944271599627	-10.5044052167174	NA	NA	NA	NA	NA	NA	NA	NA	NA	NA	NA	NA	-6.41694237546709	NA	NA	-4.56384690834351	NA	NA	NA	NA	NA	NA	NA	NA	NA	NA	NA	-4.9332846411499	NA	NA	NA	NA	NA	NA	NA	NA	NA	NA	NA	NA	NA	NA	NA	NA	NA	NA	NA	NA	NA	-4.46640077264807	NA	NA	NA	NA	NA	NA	NA	NA	NA	NA	NA	NA	NA	NA	NA	NA	NA	NA	NA	NA	NA	NA
Villapol_632_1DPI	NA	NA	NA	-4.2691230464547	NA	-12.014330493963	NA	NA	NA	NA	NA	NA	NA	-3.73201425497453	NA	NA	NA	NA	NA	NA	NA	NA	NA	-0.482732428830915	-5.17023502509041	NA	NA	NA	NA	NA	NA	NA	NA	NA	NA	NA	NA	NA	NA	NA	NA	NA	NA	-7.36407653299016	-9.03450837590067	NA	-3.66265505568162	NA	NA	NA	NA	NA	NA	NA	NA	NA	NA	NA	NA	NA	NA	NA	NA	-9.35136548124061	NA	NA	NA	NA	NA	NA	NA	NA	NA	NA	NA	NA	NA	NA	NA	NA	-4.61629941998988	NA	NA	NA	NA	NA	NA	NA	NA	NA	NA	NA	NA	NA	NA	NA	NA	NA	NA	NA	NA	NA	NA
Villapol_633_1DPI	-12.949507575828	-8.32015095574839	NA	NA	NA	NA	-12.949507575828	NA	NA	NA	NA	NA	NA	-10.7015800623844	NA	NA	NA	NA	NA	-13.949507575828	NA	NA	NA	-0.492768151143738	NA	NA	NA	NA	NA	NA	NA	NA	NA	NA	-13.949507575828	NA	NA	NA	NA	NA	-11.1421526537704	NA	NA	-10.5571901530492	NA	NA	NA	NA	NA	NA	NA	NA	NA	NA	NA	NA	NA	NA	-6.84098311904984	NA	NA	NA	NA	NA	-6.32015095574839	-12.1421526537704	NA	NA	NA	-9.90511345646955	-10.1946200736645	NA	-12.3645450751068	NA	NA	NA	-1.94985983929963	NA	-12.1421526537704	NA	NA	NA	NA	NA	NA	NA	-10.2490678576869	NA	NA	-13.949507575828	NA	NA	NA	-12.3645450751068	NA	NA	NA	NA	-11.949507575828	NA	NA	NA	NA
Villapol_634_1DPI	NA	-6.45208945362675	NA	NA	NA	NA	NA	NA	NA	NA	NA	NA	NA	NA	NA	NA	NA	NA	NA	-12.9147962042969	NA	-11.4293693771267	NA	-0.263206294480548	NA	NA	NA	NA	-11.4293693771267	NA	NA	NA	-11.777292680547	NA	NA	NA	NA	NA	NA	-12.066799297742	-9.95132208032202	NA	NA	-10.5362845810432	NA	NA	-13.2367242991843	NA	NA	NA	NA	NA	NA	-11.9147962042969	NA	NA	NA	NA	-10.0272709335553	NA	NA	NA	NA	NA	-12.9147962042969	-11.6517617984631	-12.066799297742	NA	NA	-10.2367242991843	-11.3298337035757	-12.4293693771267	NA	-11.777292680547	NA	NA	-2.82283197081162	NA	NA	NA	-8.9147962042969	NA	NA	NA	-12.4293693771267	NA	-9.81045954448217	NA	NA	NA	NA	NA	-9.17063510872649	NA	NA	NA	NA	NA	-8.9147962042969	NA	NA	NA	NA
Villapol_635_1DPI	NA	-13.4525951773258	NA	NA	NA	NA	NA	NA	NA	NA	NA	NA	NA	NA	NA	NA	NA	NA	NA	NA	NA	NA	NA	-10.0602777545471	NA	NA	NA	NA	NA	NA	NA	NA	NA	NA	NA	NA	NA	NA	NA	NA	NA	NA	NA	NA	NA	NA	NA	NA	NA	NA	NA	NA	NA	NA	NA	NA	NA	NA	NA	NA	NA	NA	NA	NA	-0.101069260787382	NA	NA	NA	NA	NA	NA	NA	NA	NA	NA	NA	-3.90763074453658	NA	NA	NA	NA	NA	NA	NA	NA	NA	NA	NA	NA	NA	NA	NA	NA	NA	NA	NA	NA	NA	NA	NA	NA	NA	NA
Villapol_636_1DPI	NA	NA	NA	NA	NA	NA	NA	NA	NA	NA	NA	NA	NA	-2.38926478793269	NA	NA	NA	NA	NA	NA	NA	NA	NA	-0.915902934667214	NA	NA	NA	NA	NA	NA	NA	NA	-13.6967502365222	NA	NA	NA	NA	NA	NA	NA	NA	NA	NA	-2.63200747177191	NA	NA	-10.4488227230786	NA	NA	NA	NA	NA	NA	NA	NA	NA	NA	NA	-13.6967502365222	NA	NA	NA	NA	NA	-4.09869773636057	NA	NA	NA	NA	NA	NA	NA	NA	NA	NA	NA	NA	NA	NA	NA	-4.09776726548608	NA	NA	NA	NA	NA	NA	NA	NA	NA	NA	NA	NA	NA	NA	NA	NA	NA	-12.6967502365222	NA	NA	NA	NA
Villapol_637_1DPI	NA	NA	NA	NA	NA	NA	NA	NA	NA	NA	NA	NA	NA	-2.17301936215553	NA	NA	NA	NA	NA	NA	NA	NA	NA	-1.35604063084282	-6.20076240536491	NA	NA	NA	NA	-10.5930798281437	-7.76622873046026	NA	NA	NA	NA	NA	NA	NA	NA	NA	NA	NA	NA	-2.1050484427664	-3.69480236283986	NA	NA	NA	NA	NA	NA	NA	NA	NA	NA	NA	NA	NA	NA	NA	-7.50158147365817	NA	-10.7374697374788	-9.07850665531391	NA	NA	NA	NA	-10.4618352948654	NA	NA	NA	NA	NA	NA	NA	NA	NA	NA	NA	-4.33255227792045	NA	-10.2849575327813	NA	NA	NA	NA	NA	NA	NA	NA	NA	NA	NA	NA	NA	NA	NA	NA	NA	NA	NA	NA
